Type1,Type2,Total,HP,Attack,Defense,SpAtk,SpDef,Speed,Generation,PersonalityTrait,Likes,DisLikes,Bonus
grass,poison,318,45,49,49,65,65,45,1,Timid,Sweet,Spicy,0.8
grass,poison,405,60,62,63,80,80,60,1,Hasty,Sweet,Sour,0.5
grass,poison,525,80,82,83,100,100,80,1,Naughty,Spicy,Bitter,0.4
grass,poison,625,80,100,123,122,120,80,1,Adamant,Spicy,dry,1.2
fire,none,309,39,52,43,60,50,65,1,Naive,Sweet,Dry,0.1
fire,none,405,58,64,58,80,65,80,1,Jolly,Sweet,Sweet,0.2
fire,flying,534,78,84,78,109,85,100,1,Brave,Spicy,Sweet,1.3
fire,dragon,634,78,130,111,130,85,100,1,Adamant,Spicy,Dry,1.5
fire,flying,634,78,104,78,159,115,100,1,Adamant,SPICEY,Dry,0.5
water,none,314,44,48,65,50,64,43,1,Bold,Sour,Spicy,1.0
water,none,405,59,63,80,65,80,58,1,Bold,Sour,Spicy,0.5
water,none,530,79,83,100,85,105,78,1,Brave,Spicy,Sweet,0.1
water,none,630,79,103,120,135,115,78,1,Naughty,Spicy,Bitter,1.2
bug,none,195,45,30,35,20,20,45,1,Mild,Dry,Sour,0.6
bug,none,205,50,20,55,25,25,30,1,Adamant,Sweet,Dry,0.7
bug,flying,395,60,45,50,90,80,70,1,Timid,Sweet,Spicy,1.4
bug,poison,195,40,35,30,20,20,50,1,Rash,Bitter,Bitter,0.7
bug,poison,205,45,25,50,25,25,35,1,Lonely,Dry,Sour,0.9
bug,poison,395,65,90,40,45,80,75,1,Adamant,Spicy,Dry,0.6
bug,poison,495,65,150,40,15,80,145,1,Naughty,Spicy,Bitter,0.7
normal,flying,251,40,45,40,35,35,56,1,Calm,Sweet,Spicy,0.9
normal,flying,349,63,60,55,50,50,71,1,Quiet,Sweet,Sweet,1.3
normal,flying,479,83,80,75,70,70,101,1,Lonely,Spicy,Sour,0.5
normal,flying,579,83,80,80,135,80,121,1,Lonely,Spicy,Sour,0.4
normal,none,253,30,56,35,25,35,72,1,Relaxed,Bitter,Sweet,1.2
normal,none,413,55,81,60,50,70,97,1,Brave,Spicy,Sweet,0.0
normal,flying,262,40,60,30,31,31,70,1,Lonely,Dry,Sour,0.1
normal,flying,442,65,90,65,61,61,100,1,Brave,Spicy,Sweet,1.3
poison,none,288,35,60,44,40,54,55,1,Calm,Sweet,Spicy,0.2
poison,none,438,60,85,69,65,79,80,1,Adamant,Spicy,Dry,1.2
electric,none,320,35,55,40,50,50,90,1,Impish,Sweet,Dry,0.6
electric,none,485,60,90,55,90,80,110,1,Lonely,Spicy,Sour,1.5
ground,none,300,50,75,85,20,30,40,1,Brave,Spicy,Sweet,0.1
ground,none,450,75,100,110,45,55,65,1,Adamant,Spicy,Dry,0.2
poison,none,275,55,47,52,40,40,41,1,Lonely,Dry,Sour,1.0
poison,none,365,70,62,67,55,55,56,1,Lax,Sour,Bitter,0.9
poison,ground,505,90,92,87,75,85,76,1,Naughty,Spicy,Bitter,1.2
poison,none,273,46,57,40,40,40,50,1,Brave,Sweet,Sweet,0.3
poison,none,365,61,72,57,55,55,65,1,Adamant,Spicy,Dry,1.0
poison,ground,505,81,102,77,85,75,85,1,Lonely,Spicy,Sour,1.2
fairy,none,323,70,45,48,60,65,35,1,Naive,Sweet,Dry,0.8
fairy,none,483,95,70,73,95,90,60,1,Relaxed,Sour,Sweet,0.6
fire,none,299,38,41,40,50,65,65,1,Rash,Dry,Bitter,0.2
fire,none,505,73,76,75,81,100,100,1,Lonely,Spicy,Sour,1.4
normal,fairy,270,115,45,20,45,25,20,1,Lonely,Bitter,Sour,0.6
normal,fairy,435,140,70,45,85,50,45,1,Naive,Sweet,Dry,0.2
poison,flying,245,40,45,35,30,40,55,1,Calm,Sweet,Spicy,0.5
poison,flying,455,75,80,70,65,75,90,1,Lonely,Spicy,Sour,0.6
grass,poison,320,45,50,55,75,65,30,1,Timid,?,Spicy,0.2
grass,poison,395,60,65,70,85,75,40,1,Relaxed,Sour,Sweet,0.3
grass,poison,490,75,80,85,110,90,50,1,Adamant,Spicy,Dry,1.1
bug,grass,285,35,70,55,45,55,25,1,Rash,Dry,Bitter,0.2
bug,grass,405,60,95,80,60,80,30,1,Adamant,Spicy,Dry,0.4
bug,poison,305,60,55,50,40,55,45,1,Careful,Sweet,Dry,1.4
bug,poison,450,70,65,60,90,75,90,1,Hasty,Sweet,Sour,0.8
ground,none,265,10,55,25,35,45,95,1,Bold,Bitter,Spicy,0.6
ground,none,405,35,80,50,50,70,120,1,Brave,Spicy,Sweet,0.1
normal,none,290,40,45,35,40,40,90,1,Bold,Sour,Spicy,1.1
normal,none,440,65,70,60,65,65,115,1,Timid,Sweet,Spicy,0.9
water,none,320,50,52,48,65,50,55,1,Naive,Sweet,Dry,0.5
water,none,500,80,82,78,95,80,85,1,Adamant,Spicy,Dry,1.4
fighting,none,305,40,80,35,35,45,70,1,Lonely,Spicy,Sour,0.1
fighting,none,455,65,105,60,60,70,95,1,Naughty,Spicy,Bitter,0.2
fire,none,350,55,70,45,70,50,60,1,Jolly,Sweet,Sweet,1.2
fire,none,555,90,110,80,100,80,95,1,Lonely,Spicy,Sour,0.9
water,none,300,40,50,40,40,40,90,1,Quiet,Sweet,Sweet,0.4
water,none,385,65,65,65,50,50,90,1,Lax,Sour,Bitter,1.5
water,fighting,510,90,95,95,70,90,70,1,Brave,Spicy,Sweet,1.3
psychic,none,310,25,20,15,105,55,90,1,Naive,Sweet,Dry,0.3
psychic,none,400,40,35,30,120,70,105,1,Jolly,Sweet,Sweet,0.8
psychic,none,500,55,50,45,135,95,120,1,Naive,Sweet,Dry,1.3
psychic,none,590,55,50,65,175,95,150,1,Bold,Sour,Spicy,0.2
fighting,none,305,70,80,50,35,35,35,1,Brave,Spicy,Sweet,1.3
fighting,none,405,80,100,70,50,60,45,1,Lonely,Spicy,Sour,0.9
fighting,none,505,90,130,80,65,85,55,1,Brave,Spicy,Sweet,0.5
grass,poison,300,50,75,35,70,30,40,1,Naughty,Spicy,Bitter,0.9
grass,poison,390,65,90,50,85,45,55,1,Lonely,Spicy,Sour,0.6
grass,poison,490,80,105,65,100,70,70,1,Brave,Spicy,Sweet,0.8
water,poison,335,40,40,35,50,100,70,1,Modest,Dry,Spicy,0.5
water,poison,515,80,70,65,80,120,100,1,Impish,Sour,Dry,0.9
rock,ground,300,40,80,100,30,30,20,1,Naughty,Spicy,Bitter,0.9
rock,ground,390,55,95,115,45,45,35,1,Lonely,Spicy,Sour,0.9
rock,ground,495,80,120,130,55,65,45,1,Lonely,Spicy,Sour,1.1
fire,none,410,50,85,55,65,65,90,1,Lonely,Spicy,Sour,0.5
fire,none,500,65,100,70,80,80,105,1,Lonely,Spicy,Sour,0.5
water,psychic,315,90,65,65,40,40,15,1,Bold,Sour,Spicy,0.9
water,psychic,490,95,75,110,100,80,30,1,Lonely,Spicy,Sour,0.5
water,psychic,590,95,75,180,130,80,30,1,Naughty,Spicy,Bitter,1.5
electric,steel,325,25,35,70,95,55,45,1,Relaxed,Sour,Sweet,1.4
electric,steel,465,50,60,95,120,70,70,1,Relaxed,Sour,Sweet,0.2
normal,flying,352,52,65,55,58,62,60,1,Relaxed,Bitter,Sweet,1.1
normal,flying,310,35,85,45,35,35,75,1,Naughty,Spicy,Bitter,1.0
normal,flying,460,60,110,70,60,60,100,1,Naughty,Spicy,Bitter,1.2
water,none,325,65,45,55,45,70,45,1,Mild,Dry,Sour,0.9
water,ice,475,90,70,80,70,95,70,1,Bold,Sour,Spicy,0.9
poison,none,325,80,80,50,40,50,25,1,Naughty,Spicy,Bitter,0.5
poison,none,500,105,105,75,65,100,50,1,Lonely,Spicy,Sour,0.7
water,none,305,30,65,100,45,25,40,1,Relaxed,Sour,?,1.0
water,ice,525,50,95,180,85,45,70,1,Brave,Spicy,?,1.3
ghost,poison,310,30,35,30,100,35,80,1,Naive,Sweet,dry,0.1
ghost,poison,405,45,50,45,115,55,95,1,Jolly,Sweet,Sweet,0.1
ghost,poison,500,60,65,60,130,75,110,1,Hasty,Sweet,Sour,0.3
ghost,poison,600,60,65,80,170,95,130,1,Relaxed,Sour,Sweet,0.3
rock,ground,385,35,45,160,30,45,70,1,Lax,Sour,Bitter,0.5
psychic,none,328,60,48,45,43,90,42,1,Quiet,Dry,Sweet,0.8
psychic,none,483,85,73,70,73,115,67,1,Adamant,Spicy,Dry,1.3
water,none,325,30,105,90,25,25,50,1,Naughty,Spicy,Bitter,1.4
water,none,475,55,130,115,50,50,75,1,Adamant,Spicy,Dry,0.2
electric,none,330,40,30,50,55,55,100,1,Bold,Dry,Spicy,0.7
electric,none,480,60,50,70,80,80,140,1,Impish,Sour,Dry,1.4
grass,psychic,325,60,40,80,60,45,40,1,Relaxed,Sour,Sweet,1.0
grass,psychic,520,95,95,85,125,65,55,1,Lonely,Spicy,Sour,0.1
ground,none,320,50,50,95,40,50,35,1,Bold,Sour,Spicy,0.2
ground,none,425,60,80,110,50,80,45,1,Adamant,Spicy,Dry,1.3
fighting,none,455,50,120,53,35,110,87,1,Brave,Spicy,Sweet,0.3
fighting,none,455,50,105,79,35,110,76,1,Lonely,Spicy,Sour,0.8
normal,none,385,90,55,75,60,75,30,1,Lax,Sour,Bitter,0.6
poison,none,340,40,65,95,60,45,35,1,Relaxed,Sour,Sweet,1.0
poison,none,490,65,90,120,85,70,60,1,Brave,Spicy,Sweet,1.3
ground,rock,345,80,85,95,30,30,25,1,Adamant,Spicy,Dry,1.0
ground,rock,485,105,130,120,45,45,40,1,Naughty,Spicy,Bitter,0.6
normal,none,450,250,5,5,35,105,50,1,Quiet,Dry,Sweet,0.2
grass,none,435,65,55,115,100,40,60,1,Relaxed,Sour,Sweet,0.8
normal,none,490,105,95,80,40,80,90,1,Brave,Spicy,Sweet,0.5
normal,none,590,105,125,100,60,100,100,1,Brave,Spicy,Sweet,0.2
water,none,295,30,40,70,70,25,60,1,Relaxed,Sour,Sweet,0.9
water,none,440,55,65,95,95,45,85,1,Lax,Sour,Bitter,0.3
water,none,320,45,67,60,35,50,63,1,Naive,Dry,Dry,0.5
water,none,450,80,92,65,65,80,68,1,Brave,Spicy,Sweet,0.6
water,none,340,30,45,55,70,55,85,1,Naive,Sweet,Dry,1.5
water,psychic,520,60,75,85,100,85,115,1,Lonely,Spicy,Sour,0.5
psychic,fairy,460,40,45,65,100,120,90,1,Relaxed,Sour,Sweet,0.5
bug,flying,500,70,110,80,55,80,105,1,Adamant,Spicy,Dry,1.1
ice,psychic,455,65,50,35,115,95,95,1,Jolly,Sweet,Sweet,0.2
electric,none,490,65,83,57,95,85,105,1,Lonely,Spicy,Sour,0.9
fire,none,495,65,95,57,100,85,93,1,Adamant,Spicy,Dry,0.9
bug,none,500,65,125,100,55,70,85,1,Lonely,Spicy,Sour,0.1
bug,flying,600,65,155,120,65,90,105,1,Naughty,Spicy,Bitter,0.6
normal,none,490,75,100,95,40,70,110,1,Brave,Spicy,Sweet,0.6
water,none,200,20,10,55,15,20,80,1,Impish,Sour,Dry,0.2
water,flying,540,95,125,79,60,100,81,1,Naughty,Spicy,Bitter,0.7
water,dark,640,95,155,109,70,130,81,1,Lonely,Spicy,Sour,0.1
water,ice,535,130,85,80,85,95,60,1,Lonely,Spicy,Sour,0.0
normal,none,288,48,48,48,48,48,48,1,Relaxed,Sour,Sweet,0.6
normal,none,325,55,55,50,45,65,55,1,Mild,Dry,Sour,0.4
water,none,525,130,65,60,110,95,65,1,Jolly,Sweet,Sweet,1.4
electric,none,525,65,65,60,110,95,130,1,Hasty,Sweet,Sour,0.5
fire,none,525,65,130,60,95,110,65,1,Brave,Spicy,Sweet,1.3
normal,none,395,65,60,70,85,75,40,1,Lax,Sour,Bitter,1.4
rock,water,355,35,40,100,90,55,35,1,Lax,Sour,Bitter,0.3
rock,water,495,70,60,125,115,70,55,1,Lax,Sour,Bitter,0.2
rock,water,355,30,80,90,55,45,55,1,Lonely,Spicy,Sour,0.3
rock,water,495,60,115,105,65,70,80,1,Naughty,Spicy,Bitter,1.1
rock,flying,515,80,105,65,60,75,130,1,Adamant,Spicy,Dry,0.3
rock,flying,615,80,135,85,70,95,150,1,Naughty,Spicy,Bitter,1.2
normal,none,540,160,110,65,65,110,30,1,Adamant,Spicy,Dry,0.3
ice,flying,580,90,85,100,95,125,85,1,Lonely,Spicy,Sour,1.2
electric,flying,580,90,90,85,125,90,100,1,Adamant,Spicy,Dry,1.1
fire,flying,580,90,100,90,125,85,90,1,Brave,Spicy,Sweet,1.0
dragon,none,300,41,64,45,50,50,50,1,Rash,Bitter,Bitter,0.0
dragon,none,420,61,84,65,70,70,70,1,Brave,Spicy,Sweet,1.2
dragon,flying,600,91,134,95,100,100,80,1,Naughty,Spicy,Bitter,0.8
psychic,none,680,106,110,90,154,90,130,1,Naughty,Spicy,Bitter,0.4
psychic,fighting,780,106,190,100,154,100,130,1,Adamant,Spicy,Dry,0.7
psychic,none,780,106,150,70,194,120,140,1,Brave,Spicy,Sweet,0.6
psychic,none,600,100,100,100,100,100,100,1,Adamant,Spicy,Dry,1.1
grass,none,318,45,49,65,49,65,45,2,Lax,Sour,Bitter,0.9
grass,none,405,60,62,80,63,80,60,2,Bold,Sour,Spicy,1.0
grass,none,525,80,82,100,83,100,80,2,Adamant,Spicy,Dry,0.0
fire,none,309,39,52,43,60,50,65,2,Timid,Sweet,Spicy,1.3
fire,none,405,58,64,58,80,65,80,2,Jolly,Sweet,Sweet,0.3
fire,none,534,78,84,78,109,85,100,2,Lonely,Spicy,Sour,0.8
water,none,314,50,65,64,44,48,43,2,Mild,DRY,Sour,0.1
water,none,405,65,80,80,59,63,58,2,Adamant,Spicy,Dry,1.1
water,none,530,85,105,100,79,83,78,2,Adamant,Spicy,Dry,0.6
normal,none,215,35,46,34,35,45,20,2,Modest,Sour,Spicy,0.5
normal,none,415,85,76,64,45,55,90,2,Lonely,Spicy,Sour,0.3
normal,flying,262,60,30,30,36,56,50,2,Calm,Dry,Spicy,1.0
normal,flying,442,100,50,50,76,96,70,2,Jolly,Sweet,Sweet,0.8
bug,flying,265,40,20,30,40,80,55,2,Mild,Dry,Sour,0.4
bug,flying,390,55,35,50,55,110,85,2,Quiet,Dry,Sweet,1.4
bug,poison,250,40,60,40,40,40,30,2,Mild,Sour,Sour,0.7
bug,poison,390,70,90,70,60,60,40,2,Lonely,Spicy,Sour,1.4
poison,flying,535,85,90,80,70,80,130,2,Naughty,Spicy,Bitter,0.9
water,electric,330,75,38,38,56,56,67,2,Relaxed,Sour,Sweet,1.5
water,electric,460,125,58,58,76,76,67,2,Jolly,Sweet,Sweet,0.9
electric,none,205,20,40,15,35,35,60,2,Mild,Bitter,Sour,0.1
fairy,none,218,50,25,28,45,55,15,2,Naive,Sour,Dry,1.2
normal,fairy,210,90,30,15,40,20,15,2,Naive,Bitter,Dry,0.4
fairy,none,245,35,20,65,40,65,20,2,Impish,Sour,Dry,0.5
fairy,flying,405,55,40,85,80,105,40,2,Bold,Sour,Spicy,0.2
psychic,flying,320,40,50,45,70,45,70,2,Timid,Sweet,Spicy,0.2
psychic,flying,470,65,75,70,95,70,95,2,Naughty,Spicy,Bitter,0.0
electric,none,280,55,40,40,65,45,35,2,Jolly,Sweet,Sweet,0.3
electric,none,365,70,55,55,80,60,45,2,Naive,Sweet,Dry,0.9
electric,none,510,90,75,85,115,90,55,2,Brave,Spicy,Sweet,1.4
electric,dragon,610,90,95,105,165,110,45,2,Brave,Spicy,Sweet,0.2
grass,none,490,75,80,95,90,100,50,2,Adamant,Spicy,Dry,1.1
water,fairy,250,70,20,50,20,50,40,2,Bold,Sour,Spicy,1.1
water,fairy,420,100,50,80,60,80,50,2,Lax,Sour,Bitter,1.4
rock,none,410,70,100,115,30,65,30,2,Lonely,Spicy,Sour,0.4
water,none,500,90,75,75,90,100,70,2,Brave,Spicy,Sweet,1.4
grass,flying,250,35,35,40,35,55,50,2,Lax,Sweet,Bitter,0.5
grass,flying,340,55,45,50,45,65,80,2,Modest,Dry,Spicy,0.9
grass,flying,460,75,55,70,55,95,110,2,Lax,Sour,Bitter,0.9
normal,none,360,55,70,55,40,55,85,2,Gentle,Dry,Sour,0.6
grass,none,150,0,30,30,30,30,30,2,Naughty,Bitter,Bitter,0.8
grass,none,425,75,75,55,105,85,30,2,Naughty,Spicy,Bitter,0.5
bug,flying,390,65,65,45,75,45,95,2,Hasty,Sweet,Sour,1.2
water,ground,210,55,45,45,25,25,15,2,Gentle,Dry,Sour,0.9
water,ground,430,95,85,85,65,65,35,2,Naughty,Spicy,Bitter,0.2
psychic,none,525,65,65,60,130,95,110,2,Timid,Sweet,Spicy,1.4
dark,none,525,95,65,110,60,130,65,2,Bold,Sour,Spicy,0.0
dark,flying,405,60,85,42,85,42,91,2,Lonely,Spicy,Sour,0.5
water,psychic,490,95,75,80,100,110,30,2,Lonely,Spicy,Sour,0.1
ghost,none,435,60,60,60,85,85,85,2,Naive,Sweet,Dry,0.3
psychic,none,336,48,72,48,72,48,48,2,Adamant,Spicy,Dry,0.2
psychic,none,405,190,33,58,33,58,33,2,Relaxed,Sour,Sweet,1.1
normal,psychic,455,70,80,65,90,65,85,2,Naughty,Spicy,Bitter,0.3
bug,none,290,50,65,90,35,35,15,2,Bold,Sour,Spicy,0.1
bug,steel,465,75,90,140,60,60,40,2,Adamant,Spicy,Dry,0.7
normal,none,415,100,70,70,65,65,45,2,Bold,Sour,Spicy,0.6
ground,flying,430,65,75,105,35,65,85,2,Brave,Spicy,Sweet,0.2
steel,ground,510,75,85,200,55,65,30,2,Naughty,Spicy,Bitter,0.2
steel,ground,610,75,125,230,55,95,30,2,Naughty,Spicy,Bitter,0.3
fairy,none,300,60,80,50,40,40,30,2,Lonely,Spicy,Sour,0.0
fairy,none,450,90,120,75,60,60,45,2,Brave,Spicy,Sweet,1.1
water,poison,430,65,95,75,55,55,85,2,Adamant,Spicy,Dry,0.9
bug,steel,500,70,130,100,55,80,65,2,Adamant,Spicy,Dry,1.4
bug,steel,600,70,150,140,65,100,75,2,Brave,Spicy,Sweet,0.1
bug,rock,505,20,10,230,10,230,5,2,Impish,Sour,Dry,0.6
bug,fighting,500,80,125,75,40,95,85,2,Brave,Spicy,Sweet,1.5
bug,fighting,600,80,185,115,40,105,75,2,Naughty,Spicy,Bitter,0.6
dark,ice,430,55,95,55,35,75,115,2,Brave,Spicy,Sweet,1.3
normal,none,330,60,80,50,50,50,40,2,Naughty,Spicy,Bitter,0.1
normal,none,500,90,130,75,75,75,55,2,Lonely,Spicy,Sour,1.5
fire,none,250,40,40,40,70,40,20,2,Jolly,Sweet,Sweet,0.2
fire,rock,410,50,50,120,80,80,30,2,Impish,Sour,Dry,1.5
ice,ground,250,50,50,40,30,30,50,2,Naughty,Sour,Bitter,0.4
ice,ground,450,100,100,80,60,60,50,2,Lonely,Spicy,Sour,0.6
water,rock,380,55,55,85,65,85,35,2,Lax,Sour,Bitter,0.3
water,none,300,35,65,35,65,35,65,2,Timid,Sweet,Spicy,0.8
water,none,480,75,105,75,105,75,45,2,Adamant,Spicy,Dry,0.6
ice,flying,330,45,55,45,65,45,75,2,Jolly,Sweet,Sweet,0.4
water,flying,465,65,40,70,80,140,70,2,Relaxed,Sour,Sweet,1.1
steel,flying,465,65,80,140,40,70,70,2,Lonely,Spicy,Sour,1.0
dark,fire,330,45,60,30,80,50,65,2,Hasty,Sweet,Sour,0.1
dark,fire,500,75,90,50,110,80,95,2,Naughty,Spicy,Bitter,0.6
dark,fire,600,75,90,90,140,90,115,2,Lonely,Spicy,Sour,0.6
water,dragon,540,75,95,95,95,95,85,2,Naughty,Spicy,Bitter,0.1
ground,none,330,90,60,60,40,40,40,2,Naughty,Dry,Bitter,0.9
ground,none,500,90,120,120,60,60,50,2,Adamant,Spicy,Dry,1.1
normal,none,515,85,80,90,105,95,60,2,Lonely,Spicy,Sour,0.6
normal,none,465,73,95,62,85,65,85,2,Lonely,Spicy,Sour,1.2
normal,none,250,55,20,35,20,45,75,2,Adamant,Sour,Dry,0.8
fighting,none,210,35,35,35,35,35,35,2,Rash,Bitter,Bitter,0.9
fighting,none,455,50,95,95,35,110,70,2,?,Spicy,Bitter,0.4
ice,psychic,305,45,30,15,85,65,65,2,Naive,Sweet,Dry,1.0
electric,none,360,45,63,37,65,55,95,2,Hasty,Sweet,Sour,0.1
fire,none,365,45,75,37,70,55,83,2,Naughty,Spicy,Bitter,1.0
normal,none,490,95,80,105,40,70,100,2,Brave,Spicy,Sweet,0.1
normal,none,540,255,10,10,75,135,55,2,Timid,Sweet,Spicy,0.6
electric,none,580,90,85,75,115,100,115,2,Brave,Spicy,Sweet,0.7
fire,none,580,115,115,85,90,75,100,2,Adamant,Spicy,Dry,0.4
water,none,580,100,75,115,90,115,85,2,Adamant,Spicy,Dry,0.9
rock,ground,300,50,64,50,45,50,41,2,Brave,Dry,Sweet,0.2
rock,ground,410,70,84,70,65,70,51,2,Adamant,Spicy,Dry,0.2
rock,dark,600,100,134,110,95,100,61,2,Naughty,Spicy,Bitter,0.2
rock,dark,700,100,164,150,95,120,71,2,Adamant,Spicy,Dry,0.9
psychic,flying,680,106,90,130,90,154,110,2,Adamant,Spicy,Dry,0.6
fire,flying,680,106,130,90,110,154,90,2,Naughty,Spicy,Bitter,1.4
psychic,grass,600,100,100,100,100,100,100,2,Lonely,Spicy,Sour,0.1
grass,none,310,40,45,35,65,55,70,3,Hasty,Sweet,Sour,0.2
grass,none,405,50,65,45,85,65,95,3,Hasty,Sweet,Sour,1.4
grass,none,530,70,85,65,105,85,120,3,Brave,Spicy,Sweet,0.6
grass,dragon,630,70,110,75,145,85,145,3,Lonely,Spicy,SOUR,0.3
fire,none,310,45,60,40,70,50,45,3,Naive,Sweet,Dry,0.2
fire,fighting,405,60,85,60,85,60,55,3,Adamant,Spicy,Dry,0.8
fire,fighting,530,80,120,70,110,70,80,3,Naughty,Spicy,Bitter,1.3
fire,fighting,630,80,160,80,130,80,100,3,Adamant,Spicy,Dry,1.2
water,none,310,50,70,50,50,50,40,3,Sassy,Dry,Sweet,0.7
water,ground,405,70,85,70,60,70,50,3,Adamant,Spicy,Dry,1.1
water,ground,535,100,110,90,85,90,60,3,Naughty,Spicy,Bitter,0.7
water,ground,635,100,150,110,95,110,70,3,Lonely,Spicy,Sour,0.7
dark,none,220,35,55,35,30,30,35,3,Lax,Dry,Bitter,1.4
dark,none,420,70,90,70,60,60,70,3,Adamant,Spicy,Dry,0.3
normal,none,240,38,30,41,30,41,60,3,Gentle,Sour,Sour,0.3
normal,none,420,78,70,61,50,61,100,3,Timid,Dry,Spicy,0.3
bug,none,195,45,45,35,20,30,20,3,Calm,Sweet,Spicy,0.4
bug,none,205,50,35,55,25,25,15,3,Calm,Sour,Spicy,0.3
bug,flying,395,60,70,50,100,50,65,3,Hasty,Sweet,Sour,0.0
bug,none,205,50,35,55,25,25,15,3,Quiet,Sweet,Sweet,0.9
bug,poison,385,60,50,70,50,90,65,3,Relaxed,Sour,Sweet,0.3
water,grass,220,40,30,30,40,50,30,3,Lonely,Sour,Sour,1.1
water,grass,340,60,50,50,60,70,50,3,Naive,Sweet,Dry,1.0
water,grass,480,80,70,70,90,100,70,3,Relaxed,Sour,Sweet,1.3
grass,none,220,40,40,50,30,30,30,3,Hasty,Sweet,Sour,0.4
grass,dark,340,70,70,40,60,40,60,3,Naive,Sweet,Dry,0.9
grass,dark,480,90,100,60,90,60,80,3,Brave,Spicy,Sweet,0.9
normal,flying,270,40,55,30,30,30,85,3,Gentle,Bitter,Sour,0.2
normal,flying,430,60,85,60,50,50,125,3,Adamant,Spicy,Dry,1.3
water,flying,270,40,30,30,55,30,85,3,Bold,Sweet,Spicy,0.2
water,flying,430,60,50,100,85,70,65,3,Relaxed,Sour,Sweet,1.4
psychic,fairy,198,28,25,25,45,35,40,3,Quiet,Sweet,Sweet,0.0
psychic,fairy,278,38,35,35,65,55,50,3,Jolly,Sweet,Sweet,0.2
psychic,fairy,518,68,65,65,125,115,80,3,Impish,Sour,Dry,1.4
psychic,fairy,618,68,85,65,165,135,100,3,Naughty,Spicy,Bitter,1.5
bug,water,269,40,30,32,50,52,65,3,Sassy,Sour,Sweet,0.5
bug,flying,414,70,60,62,80,82,60,3,Jolly,Sweet,Sweet,0.4
grass,none,295,60,40,60,40,60,35,3,Relaxed,Bitter,Sweet,1.4
grass,fighting,460,60,130,80,60,60,70,3,Brave,Spicy,Sweet,0.8
normal,none,280,60,60,60,35,35,30,3,Calm,Sour,Spicy,0.4
normal,none,440,80,80,80,55,55,90,3,Naughty,Spicy,Bitter,0.4
normal,none,670,150,160,100,95,65,100,3,Adamant,Spicy,Dry,0.0
bug,ground,266,31,45,90,30,30,40,3,Lax,Sour,Bitter,1.4
bug,flying,456,61,90,45,50,50,160,3,Naughty,Spicy,Bitter,0.4
bug,ghost,236,1,90,45,30,30,40,3,Lonely,Spicy,Sour,0.0
normal,none,240,64,51,23,51,23,28,3,Lonely,Sweet,Sour,0.9
normal,none,317,84,71,0,71,43,48,3,Adamant,Spicy,Dry,0.3
normal,none,490,104,91,63,91,73,68,3,Lonely,Spicy,Sour,1.0
fighting,none,237,72,60,30,20,30,25,3,Careful,Sour,Dry,1.4
fighting,none,474,144,120,60,40,60,50,3,Adamant,Spicy,Dry,0.2
normal,fairy,190,50,20,40,20,40,20,3,Sassy,Sour,Sweet,0.2
rock,none,375,30,45,135,45,90,30,3,Impish,Sour,Dry,0.9
normal,none,260,50,45,45,35,35,50,3,Rash,Bitter,Bitter,0.7
normal,none,380,70,65,65,55,55,70,3,Impish,Sour,Dry,0.9
dark,ghost,380,50,75,75,65,65,50,3,Adamant,Spicy,Dry,0.5
dark,ghost,480,50,85,125,85,115,20,3,Naughty,Spicy,Bitter,0.5
steel,fairy,380,50,85,85,55,55,50,3,Lonely,Spicy,Sour,0.8
steel,fairy,480,50,105,125,55,95,50,3,Naughty,Spicy,Bitter,0.4
steel,rock,330,50,70,100,40,40,30,3,Relaxed,Sour,Sweet,0.4
steel,rock,430,60,90,140,50,50,40,3,Adamant,Spicy,Dry,1.4
steel,rock,530,70,110,180,60,60,50,3,Naughty,Spicy,Bitter,0.5
steel,none,630,70,140,230,60,80,50,3,Adamant,Spicy,Dry,0.4
fighting,psychic,280,30,40,55,40,55,60,3,Calm,Sweet,Spicy,0.7
fighting,psychic,410,60,60,75,60,75,80,3,Relaxed,Sour,Sweet,0.9
fighting,psychic,510,60,100,85,80,85,100,3,Brave,Spicy,Sweet,0.6
electric,none,295,40,45,40,65,40,65,3,Naive,Sweet,Dry,0.3
electric,none,475,70,75,60,105,60,105,3,Brave,Spicy,Sweet,0.7
electric,none,575,70,75,80,135,80,135,3,Lonely,Spicy,Sour,1.5
electric,none,405,60,50,40,85,75,95,3,Naive,Sweet,Dry,0.7
electric,none,405,60,40,50,75,85,95,3,Naive,Sweet,Dry,1.3
bug,none,400,65,73,55,47,75,85,3,Naughty,Spicy,Bitter,0.4
bug,none,400,65,47,55,73,75,85,3,Hasty,Sweet,Sour,0.0
grass,poison,400,50,60,45,100,80,65,3,Hasty,Sweet,Sour,1.0
poison,none,302,70,43,53,43,53,40,3,Adamant,Sour,Dry,0.3
poison,none,467,100,73,83,73,83,55,3,Brave,Spicy,Sweet,1.1
water,dark,305,45,90,20,65,20,65,3,Brave,Spicy,Sweet,0.5
water,dark,460,70,120,40,95,40,95,3,Adamant,Spicy,Dry,1.0
water,dark,560,70,140,70,110,65,105,3,Brave,Spicy,Sweet,0.8
water,none,400,130,70,35,70,35,60,3,Jolly,Sweet,Sweet,0.3
water,none,500,170,90,45,90,45,60,3,Adamant,Spicy,Dry,0.1
fire,ground,305,60,60,40,65,45,35,3,Jolly,Sweet,Sweet,1.3
fire,ground,460,70,100,70,105,75,40,3,Lonely,Spicy,Sour,0.4
fire,ground,560,70,120,100,145,105,20,3,Brave,Spicy,Sweet,0.3
fire,none,470,70,85,140,85,70,20,3,Brave,Spicy,Sweet,0.9
psychic,none,330,60,25,35,70,80,60,3,Timid,Sweet,Spicy,0.7
psychic,none,470,80,45,65,90,110,80,3,Impish,Sour,Dry,0.6
normal,none,360,60,60,60,60,60,60,3,Jolly,Sweet,Sweet,0.7
ground,none,290,45,100,45,45,45,10,3,Lonely,Spicy,Sour,0.8
ground,dragon,340,50,70,50,50,50,70,3,Bold,Bitter,Spicy,1.5
ground,dragon,520,80,100,80,80,80,100,3,Brave,Spicy,Sweet,1.1
grass,none,335,50,85,40,85,40,35,3,Adamant,Spicy,Dry,0.4
grass,dark,475,70,115,60,115,60,55,3,Brave,Spicy,Sweet,0.5
normal,flying,310,45,40,60,40,75,50,3,Rash,Dry,Bitter,0.4
dragon,flying,490,75,70,90,70,105,80,3,Relaxed,Sour,Sweet,0.1
dragon,fairy,590,75,110,110,110,105,80,3,Brave,Spicy,Sweet,0.5
normal,none,458,73,115,60,60,60,90,3,Adamant,Spicy,Dry,0.4
poison,none,458,73,100,60,100,60,65,3,Lonely,Spicy,Sour,0.8
rock,psychic,440,70,55,65,95,85,70,3,Relaxed,Sour,Sweet,1.3
rock,psychic,440,70,95,85,55,65,70,3,Lonely,Spicy,Sour,0.3
water,ground,288,50,48,43,46,41,60,3,Rash,Dry,Bitter,0.2
water,ground,468,110,78,73,76,71,60,3,Brave,Spicy,Sweet,1.2
water,none,308,43,80,65,50,35,35,3,Brave,Spicy,Sweet,0.5
water,dark,468,63,120,85,90,55,55,3,Naughty,Spicy,Bitter,1.4
ground,psychic,300,40,40,55,40,70,55,3,Modest,Dry,Spicy,0.9
ground,psychic,500,60,70,105,70,120,75,3,Lax,Sour,Bitter,1.1
rock,grass,355,66,41,77,61,87,23,3,Bold,Sour,Spicy,1.0
rock,grass,495,86,81,97,81,107,43,3,Naughty,Spicy,Bitter,1.1
rock,bug,355,45,95,50,40,50,75,3,Adamant,Spicy,Dry,0.8
rock,bug,495,75,125,100,70,80,45,3,Brave,Spicy,Sweet,1.3
water,none,200,20,15,20,10,55,80,3,Gentle,Sour,Sour,1.3
water,none,540,95,60,79,100,125,81,3,Bold,Sour,Spicy,0.1
normal,none,420,70,70,70,70,70,70,3,Bold,Sour,Spicy,0.9
normal,none,440,60,90,70,60,120,40,3,Lonely,Spicy,Sour,0.8
ghost,none,295,44,75,35,63,33,45,3,Lonely,Spicy,Sour,1.5
ghost,none,455,64,115,65,83,63,65,3,Brave,Spicy,Sweet,1.3
ghost,none,555,64,165,75,93,83,75,3,Naughty,Spicy,Bitter,0.3
ghost,none,295,20,40,90,30,90,25,3,Bold,Sour,Spicy,0.6
ghost,none,455,40,70,130,60,130,25,3,Bold,Sour,Spicy,0.4
grass,flying,460,99,68,83,72,87,51,3,Relaxed,Sour,Sweet,0.7
psychic,none,425,65,50,70,95,80,65,3,Lax,Sour,Bitter,0.4
dark,none,465,65,130,60,75,60,75,3,Naughty,Spicy,Bitter,0.8
dark,none,565,65,150,60,115,60,115,3,Brave,Spicy,Sweet,0.7
psychic,none,260,95,23,48,23,48,23,3,Rash,Bitter,Bitter,0.4
ice,none,300,50,50,50,50,50,50,3,Modest,Sweet,Spicy,1.3
ice,none,480,80,80,80,80,80,80,3,Lonely,Spicy,Sour,1.4
ice,none,580,80,120,80,120,80,100,3,Naughty,Spicy,Bitter,1.5
ice,water,290,70,40,50,55,50,25,3,Gentle,Dry,Sour,1.4
ice,water,410,90,60,70,75,70,45,3,Lax,Sour,Bitter,0.3
ice,water,530,110,80,90,95,90,65,3,Brave,Spicy,Sweet,0.3
water,none,345,35,64,85,74,55,32,3,Impish,Sour,Dry,0.4
water,none,485,55,104,105,94,75,52,3,Lonely,Spicy,Sour,0.8
water,none,485,55,84,105,114,75,52,3,Adamant,Spicy,Dry,0.2
water,rock,485,100,90,130,45,65,55,3,Brave,Spicy,Sweet,0.4
water,none,330,43,30,55,40,65,97,3,Quiet,Dry,Sweet,0.5
dragon,none,300,45,75,60,40,30,50,3,Adamant,Spicy,Dry,1.1
dragon,none,420,65,95,100,60,50,50,3,Lonely,Spicy,Sour,0.2
dragon,flying,600,95,135,80,110,80,100,3,Brave,Spicy,Sweet,0.8
dragon,flying,700,95,145,130,120,90,120,3,Brave,Spicy,Sweet,0.3
steel,psychic,300,40,55,80,35,60,30,3,Bold,Sour,Spicy,1.2
steel,psychic,420,60,75,100,55,80,50,3,Brave,Spicy,Sweet,1.2
steel,psychic,600,80,135,130,95,90,70,3,Naughty,Spicy,Bitter,1.2
steel,psychic,700,80,145,150,105,110,110,3,Lonely,Spicy,Sour,0.5
rock,none,580,80,100,200,50,100,50,3,Adamant,Spicy,Dry,1.4
ice,none,580,80,50,100,100,200,50,3,Relaxed,Sour,Sweet,0.4
steel,none,580,80,75,150,75,150,50,3,Lonely,Spicy,Sour,0.1
dragon,psychic,600,80,80,90,110,130,110,3,Naughty,Spicy,Bitter,0.7
dragon,psychic,700,80,100,120,140,150,110,3,Brave,Spicy,Sweet,1.3
dragon,psychic,600,80,90,80,130,110,110,3,Lonely,Spicy,Sour,0.5
dragon,psychic,700,80,130,100,160,120,110,3,Naughty,Spicy,Bitter,1.1
water,none,670,100,100,90,150,140,90,3,Lonely,Spicy,Sour,0.9
water,none,770,100,150,90,180,160,90,3,Adamant,Spicy,Dry,0.8
ground,none,670,100,150,140,100,90,90,3,Brave,Spicy,Sweet,0.2
ground,fire,770,100,180,160,150,90,90,3,Adamant,Spicy,Dry,0.7
dragon,flying,680,105,150,90,150,90,95,3,Brave,Spicy,Sweet,0.5
dragon,flying,780,105,180,100,180,100,115,3,Brave,Spicy,Sweet,0.6
steel,psychic,600,100,100,100,100,100,100,3,Adamant,Spicy,Dry,0.5
psychic,none,600,50,150,50,150,50,150,3,Adamant,Spicy,Dry,1.2
psychic,none,600,50,180,20,180,20,150,3,Naughty,Spicy,Bitter,1.4
psychic,none,600,50,70,160,70,160,90,3,Bold,Sour,Spicy,0.9
psychic,none,600,50,95,90,95,90,180,3,Lonely,Spicy,Sour,1.0
grass,none,318,55,68,64,45,55,31,4,Bold,Bitter,Spicy,1.1
grass,none,405,75,89,85,55,65,36,4,Brave,Spicy,Sweet,0.4
grass,ground,525,95,109,105,75,85,56,4,Brave,Spicy,Sweet,1.5
fire,none,309,44,58,44,58,44,61,4,Naughty,Sweet,Bitter,1.2
fire,fighting,405,64,78,52,78,52,81,4,Lonely,Spicy,Sour,1.2
fire,fighting,534,76,104,71,104,71,108,4,Lonely,Spicy,Sour,1.0
water,none,314,53,51,53,61,56,40,4,Jolly,Sweet,Sweet,0.3
water,none,405,64,66,68,81,76,50,4,Bold,Sour,Spicy,1.1
water,steel,530,84,86,88,111,101,60,4,Adamant,Spicy,Dry,0.8
normal,flying,245,40,55,30,30,30,60,4,Naive,Sour,Dry,1.4
normal,flying,340,55,75,50,40,40,80,4,Lonely,Spicy,Sour,0.6
normal,flying,485,85,120,70,50,60,100,4,Brave,Spicy,Sweet,1.0
normal,none,250,59,45,40,35,40,31,4,Lax,Sweet,Bitter,0.2
normal,water,410,79,85,60,55,60,71,4,Brave,Spicy,Sweet,0.8
bug,none,194,37,25,41,25,41,25,4,Lax,Sweet,Bitter,0.1
bug,none,384,77,85,51,55,51,65,4,Lonely,spicey,Sour,1.1
electric,none,263,45,65,34,40,34,45,4,Adamant,Sour,Dry,1.5
electric,none,363,60,85,49,60,49,60,4,Lonely,Spicy,Sour,0.8
electric,none,523,80,120,79,95,79,70,4,Adamant,Spicy,Dry,0.5
grass,poison,280,40,30,35,50,70,55,4,Quiet,Dry,Sweet,0.4
grass,poison,515,60,70,65,125,105,90,4,Lax,Sour,Bitter,1.3
rock,none,350,67,125,40,30,30,58,4,Brave,Spicy,Sweet,1.2
rock,none,495,97,165,60,65,50,58,4,Adamant,Spicy,Dry,0.0
rock,steel,350,30,42,118,42,88,30,4,Lax,Sour,Bitter,0.9
rock,steel,495,60,52,168,47,138,30,4,Relaxed,Sour,Sweet,0.3
bug,none,224,40,29,45,29,45,36,4,Gentle,Bitter,Sour,0.2
bug,grass,424,60,59,85,79,105,36,4,Impish,Sour,Dry,0.9
bug,ground,424,60,79,105,59,85,36,4,Naughty,Spicy,Bitter,0.3
bug,steel,424,60,69,95,69,95,36,4,Relaxed,Sour,Sweet,0.7
bug,flying,424,70,94,50,94,50,66,4,Lonely,Spicy,Sour,1.4
bug,flying,244,30,30,42,30,42,70,4,Sassy,Sweet,Sweet,1.1
bug,flying,474,70,80,102,80,102,40,4,Adamant,Spicy,Dry,0.6
electric,none,405,60,45,70,45,90,95,4,Relaxed,Sour,Sweet,1.0
water,none,330,55,65,35,60,30,85,4,Timid,Sweet,Spicy,1.4
water,none,495,85,105,55,85,50,115,4,Brave,Spicy,Sweet,0.9
grass,none,275,45,35,45,62,53,35,4,Hasty,Sweet,Sour,1.0
grass,none,450,70,60,70,87,78,85,4,Lax,Sour,Bitter,0.1
water,none,325,76,48,48,57,62,34,4,Lonely,Bitter,Sour,1.4
water,ground,475,111,83,68,92,82,39,4,Lonely,Spicy,Sour,0.9
normal,none,482,75,100,66,60,66,115,4,Naughty,Spicy,Bitter,0.8
ghost,flying,348,90,50,34,60,44,70,4,Naive,Sweet,Dry,0.6
ghost,flying,498,150,80,44,90,54,80,4,Brave,Spicy,Sweet,0.3
normal,none,350,55,66,44,44,56,85,4,Brave,Bitter,Sweet,0.9
normal,none,480,65,76,84,54,96,105,4,Brave,Spicy,Sweet,1.2
normal,fighting,580,65,136,94,54,96,135,4,Naughty,Spicy,Bitter,0.9
ghost,none,495,60,60,60,105,105,105,4,Timid,Sweet,Spicy,0.7
dark,flying,505,100,125,52,105,52,71,4,Lonely,Spicy,Sour,1.4
normal,none,310,49,55,42,42,37,85,4,Jolly,Sour,Sweet,0.4
normal,none,452,71,82,64,64,59,112,4,Adamant,Spicy,Dry,1.3
psychic,none,285,45,30,50,65,50,45,4,Jolly,Sweet,Sweet,1.1
poison,dark,329,63,63,47,41,41,74,4,Adamant,Bitter,Dry,0.4
poison,dark,479,103,93,67,71,61,84,4,Adamant,Spicy,Dry,0.9
steel,psychic,300,57,24,86,24,86,23,4,Bold,Sour,Spicy,1.4
steel,psychic,500,67,89,116,79,116,33,4,Lonely,Spicy,Sour,1.1
rock,none,290,50,80,95,10,45,10,4,Adamant,Spicy,Dry,0.7
psychic,fairy,310,20,25,45,70,90,60,4,Jolly,Sweet,Sweet,0.8
normal,none,220,100,5,5,15,65,30,4,Modest,Dry,Spicy,0.3
normal,flying,411,76,65,45,92,42,91,4,Hasty,Sweet,Sour,1.5
ghost,dark,485,50,92,108,92,108,35,4,Adamant,Spicy,Dry,1.3
dragon,ground,300,58,70,45,40,45,42,4,Quiet,bitter,Sweet,1.2
dragon,ground,410,68,90,65,50,55,82,4,Adamant,Spicy,Dry,0.5
dragon,ground,600,108,130,95,80,85,102,4,Naughty,Spicy,Bitter,0.6
dragon,ground,700,108,170,115,120,95,92,4,Adamant,Spicy,Dry,0.9
normal,none,390,135,85,40,40,85,5,4,Brave,Spicy,Sweet,0.1
fighting,none,285,40,70,40,35,40,60,4,Modest,Sour,Spicy,1.1
fighting,steel,525,70,110,70,115,70,90,4,Lonely,Spicy,Sour,1.2
fighting,steel,625,70,145,88,140,70,112,4,Lonely,Spicy,Sour,0.6
ground,none,330,68,72,78,38,42,32,4,Naughty,Spicy,Bitter,0.5
ground,none,525,108,112,118,68,72,47,4,Brave,Spicy,Sweet,0.9
poison,bug,330,40,50,90,30,55,65,4,Bold,Sour,Spicy,0.5
poison,dark,500,70,90,110,60,75,95,4,Brave,Spicy,Sweet,1.1
poison,fighting,300,48,61,40,61,40,50,4,Hasty,Sweet,Sour,0.2
poison,fighting,490,83,106,65,86,65,85,4,Naughty,Spicy,Bitter,1.0
grass,none,454,74,100,72,90,72,46,4,Brave,Spicy,Sweet,0.8
water,none,330,49,49,56,49,61,66,4,Relaxed,Sour,Sweet,0.2
water,none,460,69,69,76,69,86,91,4,Bold,Sour,Spicy,1.4
water,flying,345,45,20,50,60,120,50,4,Naive,Sweet,Dry,0.1
grass,ice,334,60,62,50,62,60,40,4,Timid,Sweet,Spicy,0.4
grass,ice,494,90,92,75,92,85,60,4,Adamant,Spicy,Dry,0.4
grass,ice,594,90,132,105,132,105,30,4,Adamant,Spicy,Dry,1.0
dark,ice,510,70,120,65,45,85,125,4,Lonely,Spicy,Sour,0.8
electric,steel,535,70,70,115,130,90,60,4,Bold,Sour,Spicy,0.9
normal,none,515,110,85,95,80,95,50,4,Adamant,Spicy,Dry,0.7
ground,rock,535,115,140,130,55,55,40,4,Lonely,Spicy,Sour,1.4
grass,none,535,100,100,125,110,50,50,4,Lonely,Spicy,Sour,0.1
electric,none,540,75,123,67,95,85,95,4,Brave,Spicy,Sweet,0.2
fire,none,540,75,95,67,125,95,83,4,Adamant,Spicy,Dry,0.8
fairy,flying,545,85,50,95,120,115,80,4,Impish,Sour,Dry,0.2
bug,flying,515,86,76,86,116,56,95,4,Adamant,Spicy,Dry,0.6
grass,none,525,65,110,130,60,65,95,4,?,?,?,0.9
ice,none,525,65,60,110,130,95,65,4,Lax,Sour,Bitter,0.6
ground,flying,510,75,95,125,45,75,95,4,Adamant,Spicy,Dry,1.3
ice,ground,530,110,130,80,70,60,80,4,Lonely,Spicy,Sour,1.2
normal,none,535,85,80,70,135,75,90,4,Adamant,Spicy,Dry,0.2
psychic,fighting,518,68,125,65,65,115,80,4,Lonely,Spicy,Sour,0.0
psychic,fighting,618,68,165,95,65,115,110,4,Lonely,Spicy,Sour,0.7
rock,steel,525,60,55,145,75,150,40,4,Impish,Sour,Dry,0.2
ghost,none,525,45,100,135,65,135,45,4,Brave,Spicy,Sweet,0.5
ice,ghost,480,70,80,70,80,70,110,4,Naughty,Spicy,Bitter,1.0
electric,ghost,440,50,50,77,95,77,91,4,Relaxed,Sour,Sweet,1.4
electric,fire,520,50,65,107,105,107,86,4,Bold,Sour,Spicy,1.2
electric,water,520,50,65,107,105,107,86,4,Bold,Sour,Spicy,0.7
electric,ice,520,50,65,107,105,107,86,4,Bold,Sour,Spicy,0.2
electric,flying,520,50,65,107,105,107,86,4,Lax,Sour,Bitter,0.5
electric,grass,520,50,65,107,105,107,86,4,Relaxed,Sour,Sweet,1.0
psychic,none,580,75,75,130,75,130,95,4,Naughty,Spicy,Bitter,1.5
psychic,none,580,80,105,105,105,105,80,4,Adamant,Spicy,Dry,0.9
psychic,none,580,75,125,70,125,70,115,4,Naughty,Spicy,Bitter,0.6
steel,dragon,680,100,120,120,150,100,90,4,Naughty,Spicy,Bitter,0.9
water,dragon,680,90,120,100,150,120,100,4,Naughty,Spicy,Bitter,0.9
fire,steel,600,91,90,106,130,106,77,4,Naughty,Spicy,Bitter,1.0
normal,none,670,110,160,110,80,110,100,4,Naughty,Spicy,Bitter,0.8
ghost,dragon,680,150,100,120,100,120,90,4,Adamant,Spicy,Dry,0.0
ghost,dragon,680,150,120,100,120,100,90,4,Naughty,Spicy,Bitter,0.8
psychic,none,600,120,70,120,75,130,85,4,Relaxed,Sour,Sweet,0.2
water,none,480,80,80,80,80,80,80,4,Lonely,Spicy,Sour,0.2
water,none,600,100,100,100,100,100,100,4,Adamant,Spicy,Dry,0.2
dark,none,600,70,90,90,135,90,125,4,Naughty,Spicy,Bitter,1.4
grass,none,600,100,100,100,100,100,100,4,Naughty,Spicy,Bitter,1.5
grass,flying,600,100,103,75,120,75,127,4,Naughty,Spicy,Bitter,0.1
normal,none,720,120,120,120,120,120,120,4,Lonely,Spicy,Sour,0.6
psychic,fire,600,100,100,100,100,100,100,5,Naughty,Spicy,Bitter,0.8
grass,none,308,45,45,55,45,55,63,5,Brave,Sour,Sweet,0.2
grass,none,413,60,60,75,60,75,83,5,Bold,Sour,Spicy,0.6
grass,none,528,75,75,95,75,95,113,5,Lonely,Spicy,Sour,0.4
fire,none,308,65,63,45,45,45,45,5,Impish,Sour,Dry,0.1
fire,fighting,418,90,93,55,70,55,55,5,Lonely,Spicy,Sour,0.5
fire,fighting,528,110,123,65,100,65,65,5,Adamant,Spicy,Dry,1.0
water,none,308,55,55,45,63,45,45,5,Jolly,Sweet,Sweet,1.5
water,none,413,75,75,60,83,60,60,5,Naughty,Spicy,Bitter,0.2
water,none,528,95,100,85,108,70,70,5,Lonely,Spicy,Sour,1.3
normal,none,255,45,55,39,35,39,42,5,Modest,Sweet,spicey,0.2
normal,none,420,60,85,69,60,69,77,5,Lonely,Spicy,Sour,0.6
normal,none,275,45,60,45,25,45,55,5,Brave,Sour,Sweet,0.3
normal,none,370,65,80,65,35,65,60,5,Brave,Spicy,Sweet,1.3
normal,none,500,85,110,90,45,90,80,5,Naughty,Spicy,Bitter,1.4
dark,none,281,41,50,37,50,37,66,5,Bold,Bitter,Spicy,1.0
dark,none,446,64,88,50,88,50,106,5,Adamant,Spicy,Dry,0.0
grass,none,316,50,53,48,53,48,64,5,Lax,Sweet,Bitter,0.1
grass,none,498,75,98,63,98,63,101,5,Lonely,Spicy,Sour,1.5
fire,none,316,50,53,48,53,48,64,5,Timid,Sour,Spicy,1.1
fire,none,498,75,98,63,98,63,101,5,Adamant,Spicy,Dry,1.3
water,none,316,50,53,48,53,48,64,5,Timid,Sour,Spicy,1.3
water,none,498,75,98,63,98,63,101,5,Adamant,Spicy,Dry,1.4
psychic,none,292,76,25,45,67,55,24,5,Timid,Sweet,Spicy,0.3
psychic,none,487,116,55,85,107,95,29,5,Relaxed,Sour,Sweet,1.3
normal,flying,264,50,55,50,36,30,43,5,Adamant,Sweet,Dry,1.2
normal,flying,358,62,77,62,50,42,65,5,Brave,Spicy,Sweet,0.4
normal,flying,488,80,115,80,65,55,93,5,Adamant,Spicy,Dry,1.2
electric,none,295,45,60,32,50,32,76,5,Modest,Sour,Spicy,1.2
electric,none,497,75,100,63,80,63,116,5,Lonely,Spicy,Sour,0.8
rock,none,280,55,75,85,25,25,15,5,Naughty,Spicy,Bitter,0.8
rock,none,390,70,105,105,50,40,20,5,Naughty,Spicy,Bitter,0.6
rock,none,515,85,135,130,60,80,25,5,Naughty,Spicy,Bitter,1.0
psychic,flying,313,55,45,43,55,43,72,5,Modest,Sour,Spicy,0.4
psychic,flying,425,67,57,55,77,55,114,5,Jolly,Sweet,Sweet,0.3
ground,none,328,60,85,40,30,45,68,5,Brave,Spicy,Sweet,0.6
ground,steel,508,110,135,60,50,65,88,5,Naughty,Spicy,Bitter,1.0
normal,none,445,103,60,86,60,86,50,5,Relaxed,Sour,Sweet,0.4
normal,fairy,545,103,60,126,80,126,50,5,Bold,Sour,Spicy,1.3
fighting,none,305,75,80,55,25,35,35,5,Naughty,Spicy,Bitter,0.2
fighting,none,405,85,105,85,40,50,40,5,Lonely,Spicy,Sour,0.0
fighting,none,505,105,140,95,55,65,45,5,Brave,Spicy,Sweet,0.7
water,none,294,50,50,40,50,40,64,5,Relaxed,Dry,Sweet,1.2
water,ground,384,75,65,55,65,55,69,5,Jolly,Sweet,Sweet,0.6
water,ground,509,105,95,75,85,75,74,5,Adamant,Spicy,Dry,0.5
fighting,none,465,120,100,85,30,85,45,5,Naughty,Spicy,Bitter,1.3
fighting,none,465,75,125,75,30,75,85,5,Brave,Spicy,Sweet,0.8
bug,grass,310,45,53,70,40,60,42,5,Lax,Sour,Bitter,0.9
bug,grass,380,55,63,90,50,80,42,5,Bold,Sour,Spicy,0.5
bug,grass,500,75,103,80,70,80,92,5,Naughty,Spicy,Bitter,0.5
bug,poison,260,30,45,59,30,39,57,5,Timid,Sour,Spicy,1.4
bug,poison,360,40,55,99,40,79,47,5,Impish,Sour,Dry,0.9
bug,poison,485,60,100,89,55,69,112,5,Lonely,Spicy,Sour,0.4
grass,fairy,280,40,27,60,37,50,66,5,Brave,Sour,Sweet,0.5
grass,fairy,480,60,67,85,77,75,116,5,Impish,Sour,Dry,1.0
grass,none,280,45,35,50,70,50,30,5,Timid,Sweet,Spicy,1.3
grass,none,480,70,60,75,110,75,90,5,Bold,Sour,Spicy,0.4
water,none,460,70,92,65,80,55,98,5,Adamant,Spicy,Dry,0.5
ground,dark,292,50,72,35,35,35,65,5,Brave,Spicy,Sweet,1.1
ground,dark,351,60,82,45,45,45,74,5,Lonely,Spicy,Sour,0.9
ground,dark,519,95,117,80,65,70,92,5,Adamant,Spicy,Dry,0.7
fire,none,315,70,90,45,15,45,50,5,Brave,Spicy,Sweet,0.5
fire,none,480,105,140,55,30,55,95,5,Brave,Spicy,Sweet,1.1
fire,psychic,540,105,30,105,140,105,55,5,Lax,Sour,Bitter,0.8
grass,none,461,75,86,67,106,67,60,5,Brave,Spicy,Sweet,1.4
bug,rock,325,50,65,85,35,35,55,5,Relaxed,Sour,Sweet,1.0
bug,rock,475,70,95,125,65,75,45,5,Adamant,Spicy,Dry,0.1
dark,fighting,348,50,75,70,35,70,48,5,Brave,Spicy,Sweet,1.4
dark,fighting,488,65,90,115,45,115,58,5,Adamant,Spicy,Dry,1.5
psychic,flying,490,72,58,80,103,80,97,5,Bold,Sour,Spicy,1.4
ghost,none,303,38,30,85,55,65,30,5,Lax,Sour,Bitter,1.2
ghost,none,483,58,50,145,95,105,30,5,Impish,Sour,Dry,0.2
water,rock,355,54,78,103,53,45,22,5,Brave,Spicy,Sweet,1.0
water,rock,495,74,108,133,83,65,32,5,Adamant,Spicy,Dry,0.4
rock,flying,401,55,112,45,74,45,70,5,Lonely,Spicy,Sour,0.6
rock,flying,567,75,140,65,112,65,110,5,Naughty,Spicy,Bitter,0.0
poison,none,329,50,50,62,40,62,65,5,Sassy,Bitter,Sweet,0.9
poison,none,474,80,95,82,60,82,75,5,Naughty,Spicy,Bitter,0.0
dark,none,330,40,65,40,80,40,65,5,Hasty,Sweet,Sour,0.3
dark,none,510,60,105,60,120,60,105,5,Naughty,Spicy,Bitter,0.9
normal,none,300,55,50,40,40,40,75,5,Bold,Sour,Spicy,1.5
normal,none,470,75,95,60,65,60,115,5,Adamant,Spicy,Dry,1.5
psychic,none,290,45,30,50,55,65,45,5,Rash,Dry,Bitter,0.7
psychic,none,390,60,45,70,75,85,55,5,Bold,Sour,Spicy,0.4
psychic,none,490,70,55,95,95,110,65,5,Bold,Sour,Spicy,1.1
psychic,none,290,45,30,40,105,50,20,5,Naive,Sweet,Dry,0.5
psychic,none,370,65,40,50,125,60,30,5,Timid,Sweet,Spicy,1.4
psychic,none,490,110,65,75,125,85,30,5,Relaxed,Sour,Sweet,0.1
water,flying,305,62,44,50,44,50,55,5,Sassy,Sweet,Sweet,0.3
water,flying,473,75,87,63,87,63,98,5,Lonely,Spicy,Sour,0.3
ice,none,305,36,50,50,65,60,44,5,Hasty,Sweet,Sour,0.3
ice,none,395,51,65,65,80,75,59,5,Lax,Sour,Bitter,0.3
ice,none,535,71,95,85,110,95,79,5,Lonely,Spicy,Sour,0.6
normal,grass,335,60,60,50,40,50,75,5,Sassy,Dry,Sweet,0.4
normal,grass,475,80,100,70,60,70,95,5,Adamant,Spicy,Dry,1.1
electric,flying,428,55,75,60,75,60,103,5,Naughty,Spicy,Bitter,1.5
bug,none,315,50,75,45,40,45,60,5,Adamant,Spicy,Dry,1.3
bug,steel,495,70,135,105,60,105,20,5,Adamant,Spicy,Dry,0.5
grass,poison,294,69,55,45,55,55,15,5,Lax,Dry,bitter,1.3
grass,poison,464,114,85,70,85,80,30,5,Adamant,Spicy,Dry,0.9
water,ghost,335,55,40,50,65,85,40,5,Timid,Sweet,Spicy,1.5
water,ghost,480,100,60,70,85,105,60,5,Lax,Sour,Bitter,1.1
water,none,470,165,75,80,40,45,65,5,Adamant,Spicy,Dry,1.1
bug,electric,319,50,47,50,57,50,65,5,Relaxed,Dry,Sweet,0.6
bug,electric,472,70,77,60,97,60,108,5,Brave,Spicy,Sweet,0.7
grass,steel,305,44,50,91,24,86,10,5,Impish,Sour,Dry,0.5
grass,steel,489,74,94,131,54,116,20,5,Lonely,Spicy,sour,0.3
steel,none,300,40,55,70,45,60,30,5,Relaxed,Sour,Sweet,0.6
steel,none,440,60,80,95,70,85,50,5,Naughty,Spicy,Bitter,0.3
steel,none,520,60,100,115,70,85,90,5,Lonely,Spicy,Sour,0.8
electric,none,275,35,55,40,45,40,60,5,Modest,Sweet,Spicy,0.7
electric,none,405,65,85,70,75,70,40,5,Lonely,Spicy,Sour,1.0
electric,none,515,85,115,80,105,80,50,5,Lonely,Spicy,Sour,1.5
psychic,none,335,55,55,55,85,55,30,5,Hasty,Sweet,Sour,1.4
psychic,none,485,75,75,75,125,95,40,5,Lonely,Spicy,Sour,0.1
ghost,fire,275,50,30,55,65,55,20,5,Hasty,Sweet,Sour,1.2
ghost,fire,370,60,40,60,95,60,55,5,Hasty,Sweet,Sour,0.6
ghost,fire,520,60,55,90,145,90,80,5,Bold,Sour,Spicy,0.6
dragon,none,320,46,87,60,30,40,57,5,Brave,Spicy,Sweet,1.1
dragon,none,410,66,117,70,40,50,67,5,Lonely,Spicy,Sour,0.2
dragon,none,540,76,147,90,60,70,97,5,Lonely,Spicy,Sour,0.6
ice,none,305,55,70,40,60,40,40,5,Naive,Sweet,Dry,1.2
ice,none,485,95,110,80,70,80,50,5,Lonely,Spicy,Sour,0.0
ice,none,485,70,50,30,95,135,105,5,Timid,Sweet,Spicy,0.4
bug,none,305,50,40,85,40,65,25,5,Relaxed,Sour,Sweet,0.4
bug,none,495,80,70,40,100,60,145,5,Jolly,Sweet,Sweet,0.7
ground,electric,471,109,66,84,81,99,32,5,Impish,Sour,Dry,1.5
fighting,none,350,45,85,50,55,50,65,5,Lonely,Spicy,Sour,1.1
fighting,none,510,65,125,60,95,60,105,5,Adamant,Spicy,Dry,1.1
dragon,none,485,77,120,90,60,90,48,5,Brave,Spicy,Sweet,0.4
ground,ghost,303,59,74,50,35,50,35,5,Naughty,Spicy,Bitter,0.7
ground,ghost,483,89,124,80,55,80,55,5,Lonely,Spicy,Sour,0.9
dark,steel,340,45,85,70,40,40,60,5,Lonely,Spicy,Sour,1.3
dark,steel,490,65,125,100,60,70,70,5,Lonely,Spicy,Sour,1.1
normal,none,490,95,110,95,40,95,55,5,Naughty,Spicy,Bitter,1.2
normal,flying,350,70,83,50,37,50,60,5,Adamant,Spicy,Dry,0.3
normal,flying,510,100,123,75,57,75,80,5,Naughty,Spicy,Bitter,1.1
dark,flying,370,70,55,75,45,65,60,5,Bold,Sour,Spicy,1.0
dark,flying,510,110,65,105,55,95,80,5,Impish,Sour,Dry,0.2
fire,none,484,85,97,66,105,66,65,5,Lonely,Spicy,Sour,1.2
bug,steel,484,58,109,112,48,48,109,5,Naughty,Spicy,Bitter,0.4
dark,dragon,300,52,65,50,45,50,38,5,Impish,Sweet,Dry,0.8
dark,dragon,420,72,85,70,65,70,58,5,Brave,Spicy,Sweet,0.4
dark,dragon,600,92,105,90,125,90,98,5,Naughty,Spicy,Bitter,1.5
bug,fire,360,55,85,55,50,55,60,5,Adamant,Spicy,Dry,1.5
bug,fire,550,85,60,65,135,105,100,5,Lax,Sour,Bitter,1.3
steel,fighting,580,91,90,129,90,72,108,5,Adamant,Spicy,Dry,0.8
rock,fighting,580,91,129,90,72,90,108,5,Naughty,Spicy,Bitter,0.6
grass,fighting,580,91,90,72,90,129,108,5,Adamant,Spicy,Dry,0.3
flying,none,580,79,115,70,125,80,111,5,Naughty,Spicy,Bitter,0.5
flying,none,580,79,100,80,110,90,121,5,Naughty,Spicy,Bitter,1.1
electric,flying,580,79,115,70,125,80,111,5,Brave,Spicy,Sweet,1.3
electric,flying,580,79,105,70,145,80,101,5,Brave,Spicy,Sweet,0.9
dragon,fire,680,100,120,100,150,120,90,5,Brave,Spicy,Sweet,0.7
dragon,electric,680,100,150,120,120,100,90,5,Naughty,Spicy,Bitter,1.4
ground,flying,600,89,125,90,115,80,101,5,Naughty,Spicy,Bitter,1.4
ground,flying,600,89,145,90,105,80,91,5,Adamant,Spicy,Dry,0.8
dragon,ice,660,125,130,90,130,90,95,5,Lonely,Spicy,SOUR,1.2
dragon,ice,700,125,170,100,120,90,95,5,Naughty,Spicy,Bitter,0.2
dragon,ice,700,125,120,90,170,100,95,5,Naughty,Spicy,Bitter,0.0
water,fighting,580,91,72,90,129,90,108,5,Brave,Spicy,Sweet,0.0
water,fighting,580,91,72,90,129,90,108,5,Brave,Spicy,Sweet,0.3
normal,psychic,600,100,77,77,128,128,90,5,Lonely,Spicy,Sour,0.1
normal,fighting,600,100,128,90,77,77,128,5,Brave,Spicy,Sweet,0.7
bug,steel,600,71,120,95,120,95,99,5,Naughty,Spicy,Bitter,0.7
grass,none,313,56,61,65,48,45,38,6,Bold,Sour,Spicy,0.5
grass,none,405,61,78,95,56,58,57,6,Brave,Spicy,Sweet,0.9
grass,fighting,530,88,107,122,74,75,64,6,Lonely,Spicy,Sour,0.2
fire,none,307,40,45,40,62,60,60,6,Hasty,Sweet,Sour,0.7
fire,none,409,59,59,58,90,70,73,6,Naive,Sweet,Dry,0.5
fire,psychic,534,75,69,72,114,100,104,6,Lax,Sour,Bitter,1.5
water,none,314,41,56,40,62,44,71,6,Jolly,Sweet,Sweet,0.4
water,none,405,54,63,52,83,56,97,6,Naive,Sweet,Dry,1.2
water,dark,530,72,95,67,103,71,122,6,Brave,Spicy,Sweet,1.3
normal,none,237,38,36,38,32,36,57,6,Rash,Dry,Bitter,0.6
normal,ground,423,85,56,77,50,77,78,6,Bold,Sour,Spicy,1.5
normal,flying,278,45,50,43,40,38,62,6,Quiet,Sour,Sweet,0.7
fire,flying,382,62,73,55,56,52,84,6,Brave,Spicy,Sweet,0.7
fire,flying,499,78,81,71,74,69,126,6,Lonely,Spicy,Sour,0.1
bug,none,200,38,35,40,27,25,35,6,Gentle,Dry,Sour,0.7
bug,none,213,45,22,60,27,30,29,6,Hasty,Dry,Sour,1.0
bug,flying,411,80,52,50,90,50,89,6,Jolly,Sweet,Sweet,1.3
fire,normal,369,62,50,58,73,54,72,6,Jolly,Sweet,Sweet,0.8
fire,normal,507,86,68,72,109,66,106,6,Impish,Sour,Dry,0.8
fairy,none,303,44,38,39,61,79,42,6,Naive,Sweet,Dry,0.2
fairy,none,371,54,45,47,75,98,52,6,Naive,Sweet,Dry,0.6
fairy,none,552,78,65,68,112,154,75,6,Relaxed,Sour,Sweet,0.0
grass,none,350,66,65,48,62,57,52,6,Timid,Sweet,Spicy,0.5
grass,none,531,123,100,62,97,81,68,6,Adamant,Spicy,Dry,1.4
fighting,none,348,67,82,62,46,48,43,6,Lonely,Spicy,Sour,0.7
fighting,dark,495,95,124,78,69,71,58,6,Lonely,Spicy,Sour,0.9
normal,none,472,75,80,60,65,90,102,6,Lonely,Spicy,Sour,0.0
psychic,none,355,62,48,54,63,60,68,6,Jolly,Sweet,Sweet,0.5
psychic,none,466,74,48,76,83,81,104,6,Bold,Sour,Spicy,0.7
psychic,none,466,74,48,76,83,81,104,6,Bold,Sour,Spicy,0.5
steel,ghost,325,45,80,100,35,37,28,6,Naughty,Spicy,Bitter,1.0
steel,ghost,448,59,110,150,45,49,35,6,Adamant,Spicy,Dry,0.1
steel,ghost,520,60,150,50,150,50,60,6,Lonely,Spicy,Sour,1.4
steel,ghost,520,60,50,150,50,150,60,6,Bold,Sour,Spicy,1.2
fairy,none,341,78,52,60,63,65,23,6,Naive,Sweet,Dry,0.9
fairy,none,462,101,72,72,99,89,29,6,Adamant,Spicy,DRY,0.4
fairy,none,341,62,48,66,59,57,49,6,Bold,Sour,Spicy,0.9
fairy,none,480,82,80,86,85,75,72,6,Naughty,Spicy,Bitter,0.4
dark,psychic,288,53,54,53,37,46,45,6,Lonely,Bitter,Sour,0.4
dark,psychic,482,86,92,88,68,75,73,6,Adamant,Spicy,Dry,1.5
rock,water,306,42,52,67,39,56,50,6,Bold,Sour,Spicy,1.3
rock,water,500,72,105,115,54,86,68,6,Lonely,Spicy,Sour,0.5
poison,water,320,50,60,60,60,60,30,6,Naive,Sweet,Dry,1.0
poison,dragon,494,65,75,90,97,123,44,6,Brave,Spicy,Sweet,1.4
water,none,330,50,53,62,58,63,44,6,Careful,Bitter,Dry,1.0
water,none,500,71,73,88,120,89,59,6,Adamant,Spicy,Dry,0.4
electric,normal,289,44,38,33,61,43,70,6,Jolly,Sweet,Sweet,0.4
electric,normal,481,62,55,52,109,94,109,6,Naive,Sweet,Dry,1.2
rock,dragon,362,58,89,77,45,45,48,6,Naughty,Spicy,Bitter,0.7
rock,dragon,521,82,121,119,69,59,71,6,Naughty,Spicy,Bitter,0.9
rock,ice,362,77,59,50,67,63,46,6,Naive,Sweet,Dry,0.0
rock,ice,521,123,77,72,99,92,58,6,Naughty,Spicy,Bitter,1.1
fairy,none,525,95,65,65,110,130,60,6,Bold,Sour,Spicy,1.3
fighting,flying,500,78,92,75,74,63,118,6,Brave,Spicy,Sweet,1.2
electric,fairy,431,67,58,57,81,67,101,6,Jolly,Sweet,Sweet,1.3
rock,fairy,500,50,50,150,50,150,50,6,Relaxed,Sour,Sweet,0.6
dragon,none,300,45,50,35,55,75,40,6,Mild,Dry,Sour,0.0
dragon,none,452,68,75,53,83,113,60,6,Lonely,Spicy,Sour,0.6
dragon,none,600,90,100,70,110,150,80,6,Lonely,Spicy,Sour,1.2
steel,fairy,470,57,80,91,80,87,75,6,Lonely,Spicy,Sour,0.3
ghost,grass,309,43,70,48,50,60,38,6,Lonely,Sweet,Sour,1.0
ghost,grass,474,85,110,76,65,82,56,6,Naughty,Spicy,Bitter,0.9
ghost,grass,335,49,66,70,44,55,51,6,Relaxed,Sour,Sweet,1.1
ghost,grass,335,44,66,70,44,55,56,6,Bold,Sour,Spicy,0.0
ghost,grass,335,54,66,70,44,55,46,6,Lax,Sour,Bitter,1.4
ghost,grass,335,59,66,70,44,55,41,6,Impish,Sour,Dry,1.3
ghost,grass,494,65,90,122,58,75,84,6,Brave,Spicy,SWEET,1.3
ghost,grass,494,55,85,122,58,75,99,6,Naughty,Spicy,Bitter,0.6
ghost,grass,494,75,95,122,58,75,69,6,Brave,Spicy,Sweet,1.1
ghost,grass,494,85,100,122,58,75,54,6,Lonely,Spicy,Sour,0.1
ice,none,304,55,69,85,32,35,28,6,Lax,Sour,Bitter,0.7
ice,none,514,95,117,184,44,46,28,6,Naughty,Spicy,Bitter,0.1
flying,dragon,245,40,30,35,45,40,55,6,Brave,Dry,Sweet,0.6
flying,dragon,535,85,70,80,97,80,123,6,Lax,Sour,Bitter,0.3
fairy,none,680,126,131,95,131,98,99,6,Lonely,Spicy,Sour,1.0
dark,flying,680,126,131,95,131,98,99,6,Brave,Spicy,Sweet,1.0
dragon,ground,600,108,100,121,81,95,95,6,Naughty,Spicy,Bitter,0.6
rock,fairy,600,50,100,150,100,150,50,6,Lonely,Spicy,Sour,0.4
rock,fairy,700,50,160,110,160,110,110,6,Naughty,Spicy,Bitter,0.0
psychic,ghost,600,80,110,60,150,130,70,6,Lonely,Spicy,Sour,1.3
psychic,dark,680,80,160,60,170,130,80,6,Brave,Spicy,?,0.1
fire,water,600,80,110,120,130,90,70,6,Adamant,Spicy,Dry,1.3
