,ID,Name,Type1,Type2,Total,HP,Attack,Defense,SpAtk,SpDef,Speed,Generation,Legendary,PersonalityTrait,EyeColor,Likes,DisLikes,Bonus
0,1,Bulbasaur,grass,poison,318,45,49,49,65,65,45,1,false,Timid,black,Sweet,Spicy,0.8
1,2,Ivysaur,grass,poison,405,60,62,63,80,80,60,1,false,Hasty,?,Sweet,Sour,0.5
2,3,Venusaur,grass,poison,525,80,82,83,100,100,80,1,false,Naughty,?,Spicy,Bitter,0.4
3,3,VenusaurMega Venusaur,grass,poison,625,80,100,123,122,120,80,1,false,Adamant,?,Spicy,dry,1.2
4,4,Charmander,fire,none,309,39,52,43,60,50,65,1,false,Naive,?,Sweet,Dry,0.1
5,5,Charmeleon,fire,none,405,58,64,58,80,65,80,1,false,Jolly,?,Sweet,Sweet,0.2
6,6,Charizard,fire,flying,534,78,84,78,109,85,100,1,false,Brave,?,Spicy,Sweet,1.3
7,6,CharizardMega Charizard X,fire,dragon,634,78,130,111,130,85,100,1,false,Adamant,?,Spicy,Dry,1.5
8,6,CharizardMega Charizard Y,fire,flying,634,78,104,78,159,115,100,1,false,Adamant,?,SPICEY,Dry,0.5
9,7,Squirtle,water,none,314,44,48,65,50,64,43,1,false,Bold,?,Sour,Spicy,1
10,8,Wartortle,water,none,405,59,63,80,65,80,58,1,false,Bold,?,Sour,Spicy,0.5
11,9,Blastoise,water,none,530,79,83,100,85,105,78,1,false,Brave,?,Spicy,Sweet,0.1
12,9,BlastoiseMega Blastoise,water,none,630,79,103,120,135,115,78,1,false,Naughty,?,Spicy,Bitter,1.2
13,10,Caterpie,bug,none,195,45,30,35,20,20,45,1,false,Mild,?,Dry,Sour,0.6
14,11,Metapod,bug,none,205,50,20,55,25,25,30,1,false,Adamant,?,Sweet,Dry,0.7
15,12,Butterfree,bug,flying,395,60,45,50,90,80,70,1,false,Timid,?,Sweet,Spicy,1.4
16,13,Weedle,bug,poison,195,40,35,30,20,20,50,1,false,Rash,?,Bitter,Bitter,0.7
17,14,Kakuna,bug,poison,205,45,25,50,25,25,35,1,false,Lonely,?,Dry,Sour,0.9
18,15,Beedrill,bug,poison,395,65,90,40,45,80,75,1,false,Adamant,?,Spicy,Dry,0.6
19,15,BeedrillMega Beedrill,bug,poison,495,65,150,40,15,80,145,1,false,Naughty,?,Spicy,Bitter,0.7
20,16,Pidgey,normal,flying,251,40,45,40,35,35,56,1,false,Calm,?,Sweet,Spicy,0.9
21,17,Pidgeotto,normal,flying,349,63,60,55,50,50,71,1,false,Quiet,?,Sweet,Sweet,1.3
22,18,Pidgeot,normal,flying,479,83,80,75,70,70,101,1,false,Lonely,?,Spicy,Sour,0.5
23,18,PidgeotMega Pidgeot,normal,flying,579,83,80,80,135,80,121,1,false,Lonely,?,Spicy,Sour,0.4
24,19,Rattata,normal,none,253,30,56,35,25,35,72,1,false,Relaxed,?,Bitter,Sweet,1.2
25,20,Raticate,normal,none,413,55,81,60,50,70,97,1,false,Brave,red,Spicy,Sweet,0
26,21,Spearow,normal,flying,262,40,60,30,31,31,70,1,false,Lonely,?,Dry,Sour,0.1
27,22,Fearow,normal,flying,442,65,90,65,61,61,100,1,false,Brave,?,Spicy,Sweet,1.3
28,23,Ekans,poison,none,288,35,60,44,40,54,55,1,false,Calm,?,Sweet,Spicy,0.2
29,24,Arbok,poison,none,438,60,85,69,65,79,80,1,false,Adamant,?,Spicy,Dry,1.2
30,25,Pikachu,electric,none,320,35,55,40,50,50,90,1,false,Impish,?,Sweet,Dry,0.6
31,26,Raichu,electric,none,485,60,90,55,90,80,110,1,false,Lonely,?,Spicy,Sour,1.5
32,27,Sandshrew,ground,none,300,50,75,85,20,30,40,1,false,Brave,?,Spicy,Sweet,0.1
33,28,Sandslash,ground,none,450,75,100,110,45,55,65,1,false,Adamant,?,Spicy,Dry,0.2
34,29,Nidoran♀,poison,none,275,55,47,52,40,40,41,1,false,Lonely,?,Dry,Sour,1
35,30,Nidorina,poison,none,365,70,62,67,55,55,56,1,false,Lax,?,Sour,Bitter,0.9
36,31,Nidoqueen,poison,ground,505,90,92,87,75,85,76,1,false,Naughty,?,Spicy,Bitter,1.2
37,32,Nidoran♂,poison,none,273,46,57,40,40,40,50,1,false,Brave,?,Sweet,Sweet,0.3
38,33,Nidorino,poison,none,365,61,72,57,55,55,65,1,false,Adamant,?,Spicy,Dry,1
39,34,Nidoking,poison,ground,505,81,102,77,85,75,85,1,false,Lonely,?,Spicy,Sour,1.2
40,35,Clefairy,fairy,none,323,70,45,48,60,65,35,1,false,Naive,?,Sweet,Dry,0.8
41,36,Clefable,fairy,none,483,95,70,73,95,90,60,1,false,Relaxed,?,Sour,Sweet,0.6
42,37,Vulpix,fire,none,299,38,41,40,50,65,65,1,false,Rash,?,Dry,Bitter,0.2
43,38,Ninetales,fire,none,505,73,76,75,81,100,100,1,false,Lonely,?,Spicy,Sour,1.4
44,39,Jigglypuff,normal,fairy,270,115,45,20,45,25,20,1,false,Lonely,?,Bitter,Sour,0.6
45,40,Wigglytuff,normal,fairy,435,140,70,45,85,50,45,1,false,Naive,?,Sweet,Dry,0.2
46,41,Zubat,poison,flying,245,40,45,35,30,40,55,1,false,Calm,?,Sweet,Spicy,0.5
47,42,Golbat,poison,flying,455,75,80,70,65,75,90,1,false,Lonely,?,Spicy,Sour,0.6
48,43,Oddish,grass,poison,320,45,50,55,75,65,30,1,false,Timid,?,?,Spicy,0.2
49,44,Gloom,grass,poison,395,60,65,70,85,75,40,1,false,Relaxed,?,Sour,Sweet,0.3
50,45,Vileplume,grass,poison,490,75,80,85,110,90,50,1,false,Adamant,?,Spicy,Dry,1.1
51,46,Paras,bug,grass,285,35,70,55,45,55,25,1,false,Rash,?,Dry,Bitter,0.2
52,47,Parasect,bug,grass,405,60,95,80,60,80,30,1,false,Adamant,?,Spicy,Dry,0.4
53,48,Venonat,bug,poison,305,60,55,50,40,55,45,1,false,Careful,?,Sweet,Dry,1.4
54,49,Venomoth,bug,poison,450,70,65,60,90,75,90,1,false,Hasty,?,Sweet,Sour,0.8
55,50,Diglett,ground,none,265,10,55,25,35,45,95,1,false,Bold,?,Bitter,Spicy,0.6
56,51,Dugtrio,ground,none,405,35,80,50,50,70,120,1,false,Brave,?,Spicy,Sweet,0.1
57,52,Meowth,normal,none,290,40,45,35,40,40,90,1,false,Bold,?,Sour,Spicy,1.1
58,53,Persian,normal,none,440,65,70,60,65,65,115,1,false,Timid,?,Sweet,Spicy,0.9
59,54,Psyduck,water,none,320,50,52,48,65,50,55,1,false,Naive,?,Sweet,Dry,0.5
60,55,Golduck,water,none,500,80,82,78,95,80,85,1,false,Adamant,?,Spicy,Dry,1.4
61,56,Mankey,fighting,none,305,40,80,35,35,45,70,1,false,Lonely,?,Spicy,Sour,0.1
62,57,Primeape,fighting,none,455,65,105,60,60,70,95,1,false,Naughty,?,Spicy,Bitter,0.2
63,58,Growlithe,fire,none,350,55,70,45,70,50,60,1,false,Jolly,?,Sweet,Sweet,1.2
64,59,Arcanine,fire,none,555,90,110,80,100,80,95,1,false,Lonely,?,Spicy,Sour,0.9
65,60,Poliwag,water,none,300,40,50,40,40,40,90,1,false,Quiet,?,Sweet,Sweet,0.4
66,61,Poliwhirl,water,none,385,65,65,65,50,50,90,1,false,Lax,?,Sour,Bitter,1.5
67,62,Poliwrath,water,fighting,510,90,95,95,70,90,70,1,false,Brave,?,Spicy,Sweet,1.3
68,63,Abra,psychic,none,310,25,20,15,105,55,90,1,false,Naive,?,Sweet,Dry,0.3
69,64,Kadabra,psychic,none,400,40,35,30,120,70,105,1,false,Jolly,?,Sweet,Sweet,0.8
70,65,Alakazam,psychic,none,500,55,50,45,135,95,120,1,false,Naive,?,Sweet,Dry,1.3
71,65,AlakazamMega Alakazam,psychic,none,590,55,50,65,175,95,150,1,false,Bold,?,Sour,Spicy,0.2
72,66,Machop,fighting,none,305,70,80,50,35,35,35,1,false,Brave,?,Spicy,Sweet,1.3
73,67,Machoke,fighting,none,405,80,100,70,50,60,45,1,false,Lonely,?,Spicy,Sour,0.9
74,68,Machamp,fighting,none,505,90,130,80,65,85,55,1,false,Brave,?,Spicy,Sweet,0.5
75,69,Bellsprout,grass,poison,300,50,75,35,70,30,40,1,false,Naughty,?,Spicy,Bitter,0.9
76,70,Weepinbell,grass,poison,390,65,90,50,85,45,55,1,false,Lonely,?,Spicy,Sour,0.6
77,71,Victreebel,grass,poison,490,80,105,65,100,70,70,1,false,Brave,?,Spicy,Sweet,0.8
78,72,Tentacool,water,poison,335,40,40,35,50,100,70,1,false,Modest,?,Dry,Spicy,0.5
79,73,Tentacruel,water,poison,515,80,70,65,80,120,100,1,false,Impish,?,Sour,Dry,0.9
80,74,Geodude,rock,ground,300,40,80,100,30,30,20,1,false,Naughty,?,Spicy,Bitter,0.9
81,75,Graveler,rock,ground,390,55,95,115,45,45,35,1,false,Lonely,?,Spicy,Sour,0.9
82,76,Golem,rock,ground,495,80,120,130,55,65,45,1,false,Lonely,?,Spicy,Sour,1.1
83,77,Ponyta,fire,none,410,50,85,55,65,65,90,1,false,Lonely,?,Spicy,Sour,0.5
84,78,Rapidash,fire,none,500,65,100,70,80,80,105,1,false,Lonely,?,Spicy,Sour,0.5
85,79,Slowpoke,water,psychic,315,90,65,65,40,40,15,1,false,Bold,?,Sour,Spicy,0.9
86,80,Slowbro,water,psychic,490,95,75,110,100,80,30,1,false,Lonely,?,Spicy,Sour,0.5
87,80,SlowbroMega Slowbro,water,psychic,590,95,75,180,130,80,30,1,false,Naughty,?,Spicy,Bitter,1.5
88,81,Magnemite,electric,steel,325,25,35,70,95,55,45,1,false,Relaxed,?,Sour,Sweet,1.4
89,82,Magneton,electric,steel,465,50,60,95,120,70,70,1,false,Relaxed,?,Sour,Sweet,0.2
90,83,Farfetch'd,normal,flying,352,52,65,55,58,62,60,1,false,Relaxed,?,Bitter,Sweet,1.1
91,84,Doduo,normal,flying,310,35,85,45,35,35,75,1,false,Naughty,black,Spicy,Bitter,1
92,85,Dodrio,normal,flying,460,60,110,70,60,60,100,1,false,Naughty,BLACk,Spicy,Bitter,1.2
93,86,Seel,water,none,325,65,45,55,45,70,45,1,false,Mild,?,Dry,Sour,0.9
94,87,Dewgong,water,ice,475,90,70,80,70,95,70,1,false,Bold,?,Sour,Spicy,0.9
95,88,Grimer,poison,none,325,80,80,50,40,50,25,1,false,Naughty,?,Spicy,Bitter,0.5
96,89,Muk,poison,none,500,105,105,75,65,100,50,1,false,Lonely,?,Spicy,Sour,0.7
97,90,Shellder,water,none,305,30,65,100,45,25,40,1,false,Relaxed,?,Sour,?,1
98,91,Cloyster,water,ice,525,50,95,180,85,45,70,1,false,Brave,?,Spicy,?,1.3
99,92,Gastly,ghost,poison,310,30,35,30,100,35,80,1,false,Naive,?,Sweet,dry,0.1
100,93,Haunter,ghost,poison,405,45,50,45,115,55,95,1,false,Jolly,?,Sweet,Sweet,0.1
101,94,Gengar,ghost,poison,500,60,65,60,130,75,110,1,false,Hasty,?,Sweet,Sour,0.3
102,94,GengarMega Gengar,ghost,poison,600,60,65,80,170,95,130,1,false,Relaxed,?,Sour,Sweet,0.3
103,95,Onix,rock,ground,385,35,45,160,30,45,70,1,false,Lax,?,Sour,Bitter,0.5
104,96,Drowzee,psychic,none,328,60,48,45,43,90,42,1,false,Quiet,?,Dry,Sweet,0.8
105,97,Hypno,psychic,none,483,85,73,70,73,115,67,1,false,Adamant,?,Spicy,Dry,1.3
106,98,Krabby,water,none,325,30,105,90,25,25,50,1,false,Naughty,?,Spicy,Bitter,1.4
107,99,Kingler,water,none,475,55,130,115,50,50,75,1,false,Adamant,?,Spicy,Dry,0.2
108,100,Voltorb,electric,none,330,40,30,50,55,55,100,1,false,Bold,?,Dry,Spicy,0.7
109,101,Electrode,electric,none,480,60,50,70,80,80,140,1,false,Impish,?,Sour,Dry,1.4
110,102,Exeggcute,grass,psychic,325,60,40,80,60,45,40,1,false,Relaxed,?,Sour,Sweet,1
111,103,Exeggutor,grass,psychic,520,95,95,85,125,65,55,1,false,Lonely,?,Spicy,Sour,0.1
112,104,Cubone,ground,none,320,50,50,95,40,50,35,1,false,Bold,?,Sour,Spicy,0.2
113,105,Marowak,ground,none,425,60,80,110,50,80,45,1,false,Adamant,?,Spicy,Dry,1.3
114,106,Hitmonlee,fighting,none,455,50,120,53,35,110,87,1,false,Brave,?,Spicy,Sweet,0.3
115,107,Hitmonchan,fighting,none,455,50,105,79,35,110,76,1,false,Lonely,?,Spicy,Sour,0.8
116,108,Lickitung,normal,none,385,90,55,75,60,75,30,1,false,Lax,?,Sour,Bitter,0.6
117,109,Koffing,poison,none,340,40,65,95,60,45,35,1,false,Relaxed,?,Sour,Sweet,1
118,110,Weezing,poison,none,490,65,90,120,85,70,60,1,false,Brave,?,Spicy,Sweet,1.3
119,111,Rhyhorn,ground,rock,345,80,85,95,30,30,25,1,false,Adamant,?,Spicy,Dry,1
120,112,Rhydon,ground,rock,485,105,130,120,45,45,40,1,false,Naughty,?,Spicy,Bitter,0.6
121,113,Chansey,normal,none,450,250,5,5,35,105,50,1,false,Quiet,?,Dry,Sweet,0.2
122,114,Tangela,grass,none,435,65,55,115,100,40,60,1,false,Relaxed,?,Sour,Sweet,0.8
123,115,Kangaskhan,normal,none,490,105,95,80,40,80,90,1,false,Brave,?,Spicy,Sweet,0.5
124,115,KangaskhanMega Kangaskhan,normal,none,590,105,125,100,60,100,100,1,false,Brave,?,Spicy,Sweet,0.2
125,116,Horsea,water,none,295,30,40,70,70,25,60,1,false,Relaxed,?,Sour,Sweet,0.9
126,117,Seadra,water,none,440,55,65,95,95,45,85,1,false,Lax,?,Sour,Bitter,0.3
127,118,Goldeen,water,none,320,45,67,60,35,50,63,1,false,Naive,?,Dry,Dry,0.5
128,119,Seaking,water,none,450,80,92,65,65,80,68,1,false,Brave,?,Spicy,Sweet,0.6
129,120,Staryu,water,none,340,30,45,55,70,55,85,1,false,Naive,?,Sweet,Dry,1.5
130,121,Starmie,water,psychic,520,60,75,85,100,85,115,1,false,Lonely,?,Spicy,Sour,0.5
131,122,Mr. Mime,psychic,fairy,460,40,45,65,100,120,90,1,false,Relaxed,?,Sour,Sweet,0.5
132,123,Scyther,bug,flying,500,70,110,80,55,80,105,1,false,Adamant,?,Spicy,Dry,1.1
133,124,Jynx,ice,psychic,455,65,50,35,115,95,95,1,false,Jolly,?,Sweet,Sweet,0.2
134,125,Electabuzz,electric,none,490,65,83,57,95,85,105,1,false,Lonely,?,Spicy,Sour,0.9
135,126,Magmar,fire,none,495,65,95,57,100,85,93,1,false,Adamant,?,Spicy,Dry,0.9
136,127,Pinsir,bug,none,500,65,125,100,55,70,85,1,false,Lonely,?,Spicy,Sour,0.1
137,127,PinsirMega Pinsir,bug,flying,600,65,155,120,65,90,105,1,false,Naughty,?,Spicy,Bitter,0.6
138,128,Tauros,normal,none,490,75,100,95,40,70,110,1,false,Brave,?,Spicy,Sweet,0.6
139,129,Magikarp,water,none,200,20,10,55,15,20,80,1,false,Impish,?,Sour,Dry,0.2
140,130,Gyarados,water,flying,540,95,125,79,60,100,81,1,false,Naughty,?,Spicy,Bitter,0.7
141,130,GyaradosMega Gyarados,water,dark,640,95,155,109,70,130,81,1,false,Lonely,?,Spicy,Sour,0.1
142,131,Lapras,water,ice,535,130,85,80,85,95,60,1,false,Lonely,?,Spicy,Sour,0
143,132,Ditto,normal,none,288,48,48,48,48,48,48,1,false,Relaxed,?,Sour,Sweet,0.6
144,133,Eevee,normal,none,325,55,55,50,45,65,55,1,false,Mild,?,Dry,Sour,0.4
145,134,Vaporeon,water,none,525,130,65,60,110,95,65,1,false,Jolly,?,Sweet,Sweet,1.4
146,135,Jolteon,electric,none,525,65,65,60,110,95,130,1,false,Hasty,?,Sweet,Sour,0.5
147,136,Flareon,fire,none,525,65,130,60,95,110,65,1,false,Brave,?,Spicy,Sweet,1.3
148,137,Porygon,normal,none,395,65,60,70,85,75,40,1,false,Lax,?,Sour,Bitter,1.4
149,138,Omanyte,rock,water,355,35,40,100,90,55,35,1,false,Lax,?,Sour,Bitter,0.3
150,139,Omastar,rock,water,495,70,60,125,115,70,55,1,false,Lax,?,Sour,Bitter,0.2
151,140,Kabuto,rock,water,355,30,80,90,55,45,55,1,false,Lonely,?,Spicy,Sour,0.3
152,141,Kabutops,rock,water,495,60,115,105,65,70,80,1,false,Naughty,?,Spicy,Bitter,1.1
153,142,Aerodactyl,rock,flying,515,80,105,65,60,75,130,1,false,Adamant,?,Spicy,Dry,0.3
154,142,AerodactylMega Aerodactyl,rock,flying,615,80,135,85,70,95,150,1,false,Naughty,?,Spicy,Bitter,1.2
155,143,Snorlax,normal,none,540,160,110,65,65,110,30,1,false,Adamant,?,Spicy,Dry,0.3
156,144,Articuno,ice,flying,580,90,85,100,95,125,85,1,true,Lonely,?,Spicy,Sour,1.2
157,145,Zapdos,electric,flying,580,90,90,85,125,90,100,1,true,Adamant,?,Spicy,Dry,1.1
158,146,Moltres,fire,flying,580,90,100,90,125,85,90,1,true,Brave,?,Spicy,Sweet,1
159,147,Dratini,dragon,none,300,41,64,45,50,50,50,1,false,Rash,?,Bitter,Bitter,0
160,148,Dragonair,dragon,none,420,61,84,65,70,70,70,1,false,Brave,?,Spicy,Sweet,1.2
161,149,Dragonite,dragon,flying,600,91,134,95,100,100,80,1,false,Naughty,?,Spicy,Bitter,0.8
162,150,Mewtwo,psychic,none,680,106,110,90,154,90,130,1,true,Naughty,?,Spicy,Bitter,0.4
163,150,MewtwoMega Mewtwo X,psychic,fighting,780,106,190,100,154,100,130,1,true,Adamant,?,Spicy,Dry,0.7
164,150,MewtwoMega Mewtwo Y,psychic,none,780,106,150,70,194,120,140,1,true,Brave,?,Spicy,Sweet,0.6
165,151,Mew,psychic,none,600,100,100,100,100,100,100,1,false,Adamant,?,Spicy,Dry,1.1
166,152,Chikorita,grass,none,318,45,49,65,49,65,45,2,false,Lax,?,Sour,Bitter,0.9
167,153,Bayleef,grass,none,405,60,62,80,63,80,60,2,false,Bold,?,Sour,Spicy,1
168,154,Meganium,grass,none,525,80,82,100,83,100,80,2,false,Adamant,?,Spicy,Dry,0
169,155,Cyndaquil,fire,none,309,39,52,43,60,50,65,2,false,Timid,?,Sweet,Spicy,1.3
170,156,Quilava,fire,none,405,58,64,58,80,65,80,2,false,Jolly,?,Sweet,Sweet,0.3
171,157,Typhlosion,fire,none,534,78,84,78,109,85,100,2,false,Lonely,?,Spicy,Sour,0.8
172,158,Totodile,water,none,314,50,65,64,44,48,43,2,false,Mild,?,DRY,Sour,0.1
173,159,Croconaw,water,none,405,65,80,80,59,63,58,2,false,Adamant,?,Spicy,Dry,1.1
174,160,Feraligatr,water,none,530,85,105,100,79,83,78,2,false,Adamant,?,Spicy,Dry,0.6
175,161,Sentret,normal,none,215,35,46,34,35,45,20,2,false,Modest,?,Sour,Spicy,0.5
176,162,Furret,normal,none,415,85,76,64,45,55,90,2,false,Lonely,?,Spicy,Sour,0.3
177,163,Hoothoot,normal,flying,262,60,30,30,36,56,50,2,false,Calm,?,Dry,Spicy,1
178,164,Noctowl,normal,flying,442,100,50,50,76,96,70,2,false,Jolly,?,Sweet,Sweet,0.8
179,165,Ledyba,bug,flying,265,40,20,30,40,80,55,2,false,Mild,?,Dry,Sour,0.4
180,166,Ledian,bug,flying,390,55,35,50,55,110,85,2,false,Quiet,?,Dry,Sweet,1.4
181,167,Spinarak,bug,poison,250,40,60,40,40,40,30,2,false,Mild,?,Sour,Sour,0.7
182,168,Ariados,bug,poison,390,70,90,70,60,60,40,2,false,Lonely,?,Spicy,Sour,1.4
183,169,Crobat,poison,flying,535,85,90,80,70,80,130,2,false,Naughty,?,Spicy,Bitter,0.9
184,170,Chinchou,water,electric,330,75,38,38,56,56,67,2,false,Relaxed,?,Sour,Sweet,1.5
185,171,Lanturn,water,electric,460,125,58,58,76,76,67,2,false,Jolly,?,Sweet,Sweet,0.9
186,172,Pichu,electric,none,205,20,40,15,35,35,60,2,false,Mild,?,Bitter,Sour,0.1
187,173,Cleffa,fairy,none,218,50,25,28,45,55,15,2,false,Naive,?,Sour,Dry,1.2
188,174,Igglybuff,normal,fairy,210,90,30,15,40,20,15,2,false,Naive,?,Bitter,Dry,0.4
189,175,Togepi,fairy,none,245,35,20,65,40,65,20,2,false,Impish,?,Sour,Dry,0.5
190,176,Togetic,fairy,flying,405,55,40,85,80,105,40,2,false,Bold,?,Sour,Spicy,0.2
191,177,Natu,psychic,flying,320,40,50,45,70,45,70,2,false,Timid,?,Sweet,Spicy,0.2
192,178,Xatu,psychic,flying,470,65,75,70,95,70,95,2,false,Naughty,?,Spicy,Bitter,0
193,179,Mareep,electric,none,280,55,40,40,65,45,35,2,false,Jolly,?,Sweet,Sweet,0.3
194,180,Flaaffy,electric,none,365,70,55,55,80,60,45,2,false,Naive,?,Sweet,Dry,0.9
195,181,Ampharos,electric,none,510,90,75,85,115,90,55,2,false,Brave,?,Spicy,Sweet,1.4
196,181,AmpharosMega Ampharos,electric,dragon,610,90,95,105,165,110,45,2,false,Brave,?,Spicy,Sweet,0.2
197,182,Bellossom,grass,none,490,75,80,95,90,100,50,2,false,Adamant,?,Spicy,Dry,1.1
198,183,Marill,water,fairy,250,70,20,50,20,50,40,2,false,Bold,?,Sour,Spicy,1.1
199,184,Azumarill,water,fairy,420,100,50,80,60,80,50,2,false,Lax,?,Sour,Bitter,1.4
200,185,Sudowoodo,rock,none,410,70,100,115,30,65,30,2,false,Lonely,?,Spicy,Sour,0.4
201,186,Politoed,water,none,500,90,75,75,90,100,70,2,false,Brave,?,Spicy,Sweet,1.4
202,187,Hoppip,grass,flying,250,35,35,40,35,55,50,2,false,Lax,?,Sweet,Bitter,0.5
203,188,Skiploom,grass,flying,340,55,45,50,45,65,80,2,false,Modest,?,Dry,Spicy,0.9
204,189,Jumpluff,grass,flying,460,75,55,70,55,95,110,2,false,Lax,?,Sour,Bitter,0.9
205,190,Aipom,normal,none,360,55,70,55,40,55,85,2,false,Gentle,?,Dry,Sour,0.6
206,191,Sunkern,grass,none,150,?,30,30,30,30,30,2,false,Naughty,?,Bitter,Bitter,0.8
207,192,Sunflora,grass,none,425,75,75,55,105,85,30,2,false,Naughty,?,Spicy,Bitter,0.5
208,193,Yanma,bug,flying,390,65,65,45,75,45,95,2,false,Hasty,?,Sweet,Sour,1.2
209,194,Wooper,water,ground,210,55,45,45,25,25,15,2,false,Gentle,?,Dry,Sour,0.9
210,195,Quagsire,water,ground,430,95,85,85,65,65,35,2,false,Naughty,?,Spicy,Bitter,0.2
211,196,Espeon,psychic,none,525,65,65,60,130,95,110,2,false,Timid,?,Sweet,Spicy,1.4
212,197,Umbreon,dark,none,525,95,65,110,60,130,65,2,false,Bold,?,Sour,Spicy,0
213,198,Murkrow,dark,flying,405,60,85,42,85,42,91,2,false,Lonely,?,Spicy,Sour,0.5
214,199,Slowking,water,psychic,490,95,75,80,100,110,30,2,false,Lonely,?,Spicy,Sour,0.1
215,200,Misdreavus,ghost,none,435,60,60,60,85,85,85,2,false,Naive,?,Sweet,Dry,0.3
216,201,Unown,psychic,none,336,48,72,48,72,48,48,2,false,Adamant,red,Spicy,Dry,0.2
217,202,Wobbuffet,psychic,none,405,190,33,58,33,58,33,2,false,Relaxed,?,Sour,Sweet,1.1
218,203,Girafarig,normal,psychic,455,70,80,65,90,65,85,2,false,Naughty,?,Spicy,Bitter,0.3
219,204,Pineco,bug,none,290,50,65,90,35,35,15,2,false,Bold,?,Sour,Spicy,0.1
220,205,Forretress,bug,steel,465,75,90,140,60,60,40,2,false,Adamant,?,Spicy,Dry,0.7
221,206,Dunsparce,normal,none,415,100,70,70,65,65,45,2,false,Bold,?,Sour,Spicy,0.6
222,207,Gligar,ground,flying,430,65,75,105,35,65,85,2,false,Brave,?,Spicy,Sweet,0.2
223,208,Steelix,steel,ground,510,75,85,200,55,65,30,2,unknown,Naughty,?,Spicy,Bitter,0.2
224,208,SteelixMega Steelix,steel,ground,610,75,125,230,55,95,30,2,false,Naughty,?,Spicy,Bitter,0.3
225,209,Snubbull,fairy,none,300,60,80,50,40,40,30,2,false,Lonely,?,Spicy,Sour,0
226,210,Granbull,fairy,none,450,90,120,75,60,60,45,2,false,Brave,?,Spicy,Sweet,1.1
227,211,Qwilfish,water,poison,430,65,95,75,55,55,85,2,false,Adamant,?,Spicy,Dry,0.9
228,212,Scizor,bug,steel,500,70,130,100,55,80,65,2,false,Adamant,?,Spicy,Dry,1.4
229,212,ScizorMega Scizor,bug,steel,600,70,150,140,65,100,75,2,false,Brave,?,Spicy,Sweet,0.1
230,213,Shuckle,bug,rock,505,20,10,230,10,230,5,2,false,Impish,?,Sour,Dry,0.6
231,214,Heracross,bug,fighting,500,80,125,75,40,95,85,2,false,Brave,?,Spicy,Sweet,1.5
232,214,HeracrossMega Heracross,bug,fighting,600,80,185,115,40,105,75,2,false,Naughty,?,Spicy,Bitter,0.6
233,215,Sneasel,dark,ice,430,55,95,55,35,75,115,2,false,Brave,?,Spicy,Sweet,1.3
234,216,Teddiursa,normal,none,330,60,80,50,50,50,40,2,false,Naughty,?,Spicy,Bitter,0.1
235,217,Ursaring,normal,none,500,90,130,75,75,75,55,2,false,Lonely,?,Spicy,Sour,1.5
236,218,Slugma,fire,none,250,40,40,40,70,40,20,2,false,Jolly,?,Sweet,Sweet,0.2
237,219,Magcargo,fire,rock,410,50,50,120,80,80,30,2,false,Impish,?,Sour,Dry,1.5
238,220,Swinub,ice,ground,250,50,50,40,30,30,50,2,false,Naughty,?,Sour,Bitter,0.4
239,221,Piloswine,ice,ground,450,100,100,80,60,60,50,2,false,Lonely,?,Spicy,Sour,0.6
240,222,Corsola,water,rock,380,55,55,85,65,85,35,2,false,Lax,?,Sour,Bitter,0.3
241,223,Remoraid,water,none,300,35,65,35,65,35,65,2,false,Timid,?,Sweet,Spicy,0.8
242,224,Octillery,water,none,480,75,105,75,105,75,45,2,false,Adamant,?,Spicy,Dry,0.6
243,225,Delibird,ice,flying,330,45,55,45,65,45,75,2,false,Jolly,?,Sweet,Sweet,0.4
244,226,Mantine,water,flying,465,65,40,70,80,140,70,2,false,Relaxed,?,Sour,Sweet,1.1
245,227,Skarmory,steel,flying,465,65,80,140,40,70,70,2,false,Lonely,?,Spicy,Sour,1
246,228,Houndour,dark,fire,330,45,60,30,80,50,65,2,false,Hasty,?,Sweet,Sour,0.1
247,229,Houndoom,dark,fire,500,75,90,50,110,80,95,2,false,Naughty,?,Spicy,Bitter,0.6
248,229,HoundoomMega Houndoom,dark,fire,600,75,90,90,140,90,115,2,false,Lonely,?,Spicy,Sour,0.6
249,230,Kingdra,water,dragon,540,75,95,95,95,95,85,2,false,Naughty,?,Spicy,Bitter,0.1
250,231,Phanpy,ground,none,330,90,60,60,40,40,40,2,false,Naughty,?,Dry,Bitter,0.9
251,232,Donphan,ground,none,500,90,120,120,60,60,50,2,false,Adamant,?,Spicy,Dry,1.1
252,233,Porygon2,normal,none,515,85,80,90,105,95,60,2,false,Lonely,?,Spicy,Sour,0.6
253,234,Stantler,normal,none,465,73,95,62,85,65,85,2,false,Lonely,?,Spicy,Sour,1.2
254,235,Smeargle,normal,none,250,55,20,35,20,45,75,2,false,Adamant,?,Sour,Dry,0.8
255,236,Tyrogue,fighting,none,210,35,35,35,35,35,35,2,false,Rash,?,Bitter,Bitter,0.9
256,237,Hitmontop,fighting,none,455,50,95,95,35,110,70,2,false,?,?,Spicy,Bitter,0.4
257,238,Smoochum,ice,psychic,305,45,30,15,85,65,65,2,false,Naive,?,Sweet,Dry,1
258,239,Elekid,electric,none,360,45,63,37,65,55,95,2,false,Hasty,?,Sweet,Sour,0.1
259,240,Magby,fire,none,365,45,75,37,70,55,83,2,false,Naughty,?,Spicy,Bitter,1
260,241,Miltank,normal,none,490,95,80,105,40,70,100,2,false,Brave,?,Spicy,Sweet,0.1
261,242,Blissey,normal,none,540,255,10,10,75,135,55,2,false,Timid,?,Sweet,Spicy,0.6
262,243,Raikou,electric,none,580,90,85,75,115,100,115,2,true,Brave,?,Spicy,Sweet,0.7
263,244,Entei,fire,none,580,115,115,85,90,75,100,2,true,Adamant,?,Spicy,Dry,0.4
264,245,Suicune,water,none,580,100,75,115,90,115,85,2,true,Adamant,?,Spicy,Dry,0.9
265,246,Larvitar,rock,ground,300,50,64,50,45,50,41,2,false,Brave,?,Dry,Sweet,0.2
266,247,Pupitar,rock,ground,410,70,84,70,65,70,51,2,false,Adamant,?,Spicy,Dry,0.2
267,248,Tyranitar,rock,dark,600,100,134,110,95,100,61,2,false,Naughty,?,Spicy,Bitter,0.2
268,248,TyranitarMega Tyranitar,rock,dark,700,100,164,150,95,120,71,2,false,Adamant,?,Spicy,Dry,0.9
269,249,Lugia,psychic,flying,680,106,90,130,90,154,110,2,true,Adamant,?,Spicy,Dry,0.6
270,250,Ho-oh,fire,flying,680,106,130,90,110,154,90,2,true,Naughty,?,Spicy,Bitter,1.4
271,251,Celebi,psychic,grass,600,100,100,100,100,100,100,2,false,Lonely,?,Spicy,Sour,0.1
272,252,Treecko,grass,none,310,40,45,35,65,55,70,3,false,Hasty,?,Sweet,Sour,0.2
273,253,Grovyle,grass,none,405,50,65,45,85,65,95,3,false,Hasty,?,Sweet,Sour,1.4
274,254,Sceptile,grass,none,530,70,85,65,105,85,120,3,false,Brave,?,Spicy,Sweet,0.6
275,254,SceptileMega Sceptile,grass,dragon,630,70,110,75,145,85,145,3,false,Lonely,?,Spicy,SOUR,0.3
276,255,Torchic,fire,none,310,45,60,40,70,50,45,3,false,Naive,?,Sweet,Dry,0.2
277,256,Combusken,fire,fighting,405,60,85,60,85,60,55,3,false,Adamant,?,Spicy,Dry,0.8
278,257,Blaziken,fire,fighting,530,80,120,70,110,70,80,3,false,Naughty,?,Spicy,Bitter,1.3
279,257,BlazikenMega Blaziken,fire,fighting,630,80,160,80,130,80,100,3,false,Adamant,?,Spicy,Dry,1.2
280,258,Mudkip,water,none,310,50,70,50,50,50,40,3,false,Sassy,?,Dry,Sweet,0.7
281,259,Marshtomp,water,ground,405,70,85,70,60,70,50,?,false,Adamant,?,Spicy,Dry,1.1
282,260,Swampert,water,ground,535,100,110,90,85,90,60,3,false,Naughty,?,Spicy,Bitter,0.7
283,260,SwampertMega Swampert,water,ground,635,100,150,110,95,110,70,3,false,Lonely,?,Spicy,Sour,0.7
284,261,Poochyena,dark,none,220,35,55,35,30,30,35,3,false,Lax,?,Dry,Bitter,1.4
285,262,Mightyena,dark,none,420,70,90,70,60,60,70,3,false,Adamant,?,Spicy,Dry,0.3
286,263,Zigzagoon,normal,none,240,38,30,41,30,41,60,3,false,Gentle,?,Sour,Sour,0.3
287,264,Linoone,normal,none,420,78,70,61,50,61,100,3,false,Timid,?,Dry,Spicy,0.3
288,265,Wurmple,bug,none,195,45,45,35,20,30,20,3,false,Calm,?,Sweet,Spicy,0.4
289,266,Silcoon,bug,none,205,50,35,55,25,25,15,3,false,Calm,?,Sour,Spicy,0.3
290,267,Beautifly,bug,flying,395,60,70,50,100,50,65,3,false,Hasty,?,Sweet,Sour,0
291,268,Cascoon,bug,none,205,50,35,55,25,25,15,3,false,Quiet,?,Sweet,Sweet,0.9
292,269,Dustox,bug,poison,385,60,50,70,50,90,65,3,false,Relaxed,?,Sour,Sweet,0.3
293,270,Lotad,water,grass,220,40,30,30,40,50,30,3,false,Lonely,?,Sour,Sour,1.1
294,271,Lombre,water,grass,340,60,50,50,60,70,50,3,false,Naive,?,Sweet,Dry,1
295,272,Ludicolo,water,grass,480,80,70,70,90,100,70,3,false,Relaxed,?,Sour,Sweet,1.3
296,273,Seedot,grass,none,220,40,40,50,30,30,30,3,false,Hasty,?,Sweet,Sour,0.4
297,274,Nuzleaf,grass,dark,340,70,70,40,60,40,60,3,false,Naive,?,Sweet,Dry,0.9
298,275,Shiftry,grass,dark,480,90,100,60,90,60,80,3,false,Brave,?,Spicy,Sweet,0.9
299,276,Taillow,normal,flying,270,40,55,30,30,30,85,3,false,Gentle,?,Bitter,Sour,0.2
300,277,Swellow,normal,flying,430,60,85,60,50,50,125,3,false,Adamant,?,Spicy,Dry,1.3
301,278,Wingull,water,flying,270,40,30,30,55,30,85,3,false,Bold,?,Sweet,Spicy,0.2
302,279,Pelipper,water,flying,430,60,50,100,85,70,65,3,false,Relaxed,?,Sour,Sweet,1.4
303,280,Ralts,psychic,fairy,198,28,25,25,45,35,40,3,false,Quiet,?,Sweet,Sweet,0
304,281,Kirlia,psychic,fairy,278,38,35,35,65,55,50,3,false,Jolly,?,Sweet,Sweet,0.2
305,282,Gardevoir,psychic,fairy,518,68,65,65,125,115,80,3,false,Impish,?,Sour,Dry,1.4
306,282,GardevoirMega Gardevoir,psychic,fairy,618,68,85,65,165,135,100,3,false,Naughty,?,Spicy,Bitter,1.5
307,283,Surskit,bug,water,269,40,30,32,50,52,65,3,false,Sassy,?,Sour,Sweet,0.5
308,284,Masquerain,bug,flying,414,70,60,62,80,82,60,3,false,Jolly,?,Sweet,Sweet,0.4
309,285,Shroomish,grass,none,295,60,40,60,40,60,35,3,false,Relaxed,?,Bitter,Sweet,1.4
310,286,Breloom,grass,fighting,460,60,130,80,60,60,70,3,false,Brave,?,Spicy,Sweet,0.8
311,287,Slakoth,normal,none,280,60,60,60,35,35,30,3,false,Calm,?,Sour,Spicy,0.4
312,288,Vigoroth,normal,none,440,80,80,80,55,55,90,3,false,Naughty,?,Spicy,Bitter,0.4
313,289,Slaking,normal,none,670,150,160,100,95,65,100,3,false,Adamant,?,Spicy,Dry,0
314,290,Nincada,bug,ground,266,31,45,90,30,30,40,3,false,Lax,?,Sour,Bitter,1.4
315,291,Ninjask,bug,flying,456,61,90,45,50,50,160,3,false,Naughty,?,Spicy,Bitter,0.4
316,292,Shedinja,bug,ghost,236,1,90,45,30,30,40,3,false,Lonely,?,Spicy,Sour,0
317,293,Whismur,normal,none,240,64,51,23,51,23,28,3,false,Lonely,?,Sweet,Sour,0.9
318,294,Loudred,normal,none,317,84,71,?,71,43,48,3,false,Adamant,?,Spicy,Dry,0.3
319,295,Exploud,normal,none,490,104,91,63,91,73,68,3,false,Lonely,?,Spicy,Sour,1
320,296,Makuhita,fighting,none,237,72,60,30,20,30,25,3,false,Careful,?,Sour,Dry,1.4
321,297,Hariyama,fighting,none,474,144,120,60,40,60,50,3,false,Adamant,?,Spicy,Dry,0.2
322,298,Azurill,normal,fairy,190,50,20,40,20,40,20,3,false,Sassy,?,Sour,Sweet,0.2
323,299,Nosepass,rock,none,375,30,45,135,45,90,30,3,false,Impish,?,Sour,Dry,0.9
324,300,Skitty,normal,none,260,50,45,45,35,35,50,3,false,Rash,blue,Bitter,Bitter,0.7
325,301,Delcatty,normal,none,380,70,65,65,55,55,70,3,false,Impish,?,Sour,Dry,0.9
326,302,Sableye,dark,ghost,380,50,75,75,65,65,50,3,false,Adamant,?,Spicy,Dry,0.5
327,302,SableyeMega Sableye,dark,ghost,480,50,85,125,85,115,20,3,false,Naughty,?,Spicy,Bitter,0.5
328,303,Mawile,steel,fairy,380,50,85,85,55,55,50,3,false,Lonely,?,Spicy,Sour,0.8
329,303,MawileMega Mawile,steel,fairy,480,50,105,125,55,95,50,3,false,Naughty,?,Spicy,Bitter,0.4
330,304,Aron,steel,rock,330,50,70,100,40,40,30,3,false,Relaxed,?,Sour,Sweet,0.4
331,305,Lairon,steel,rock,430,60,90,140,50,50,40,3,false,Adamant,?,Spicy,Dry,1.4
332,306,Aggron,steel,rock,530,70,110,180,60,60,50,3,false,Naughty,?,Spicy,Bitter,0.5
333,306,AggronMega Aggron,steel,none,630,70,140,230,60,80,50,3,false,Adamant,?,Spicy,Dry,0.4
334,307,Meditite,fighting,psychic,280,30,40,55,40,55,60,3,false,Calm,?,Sweet,Spicy,0.7
335,308,Medicham,fighting,psychic,410,60,60,75,60,75,80,3,false,Relaxed,?,Sour,Sweet,0.9
336,308,MedichamMega Medicham,fighting,psychic,510,60,100,85,80,85,100,3,false,Brave,?,Spicy,Sweet,0.6
337,309,Electrike,electric,none,295,40,45,40,65,40,65,3,false,Naive,?,Sweet,Dry,0.3
338,310,Manectric,electric,none,475,70,75,60,105,60,105,3,false,Brave,?,Spicy,Sweet,0.7
339,310,ManectricMega Manectric,electric,none,575,70,75,80,135,80,135,3,false,Lonely,?,Spicy,Sour,1.5
340,311,Plusle,electric,none,405,60,50,40,85,75,95,3,false,Naive,?,Sweet,Dry,0.7
341,312,Minun,electric,none,405,60,40,50,75,85,95,3,false,Naive,?,Sweet,Dry,1.3
342,313,Volbeat,bug,none,400,65,73,55,47,75,85,3,false,Naughty,?,Spicy,Bitter,0.4
343,314,Illumise,bug,none,400,65,47,55,73,75,85,3,false,Hasty,?,Sweet,Sour,0
344,315,Roselia,grass,poison,400,50,60,45,100,80,65,3,false,Hasty,?,Sweet,Sour,1
345,316,Gulpin,poison,none,302,70,43,53,43,53,40,3,false,Adamant,?,Sour,Dry,0.3
346,317,Swalot,poison,none,467,100,73,83,73,83,55,3,false,Brave,?,Spicy,Sweet,1.1
347,318,Carvanha,water,dark,305,45,90,20,65,20,65,3,false,Brave,?,Spicy,Sweet,0.5
348,319,Sharpedo,water,dark,460,70,120,40,95,40,95,3,false,Adamant,?,Spicy,Dry,1
349,319,SharpedoMega Sharpedo,water,dark,560,70,140,70,110,65,105,3,false,Brave,?,Spicy,Sweet,0.8
350,320,Wailmer,water,none,400,130,70,35,70,35,60,3,false,Jolly,?,Sweet,Sweet,0.3
351,321,Wailord,water,none,500,170,90,45,90,45,60,3,false,Adamant,?,Spicy,Dry,0.1
352,322,Numel,fire,ground,305,60,60,40,65,45,35,3,false,Jolly,?,Sweet,Sweet,1.3
353,323,Camerupt,fire,ground,460,70,100,70,105,75,40,3,false,Lonely,?,Spicy,Sour,0.4
354,323,CameruptMega Camerupt,fire,ground,560,70,120,100,145,105,20,3,false,Brave,?,Spicy,Sweet,0.3
355,324,Torkoal,fire,none,470,70,85,140,85,70,20,3,false,Brave,?,Spicy,Sweet,0.9
356,325,Spoink,psychic,none,330,60,25,35,70,80,60,3,false,Timid,?,Sweet,Spicy,0.7
357,326,Grumpig,psychic,none,470,80,45,65,90,110,80,3,false,Impish,?,Sour,Dry,0.6
358,327,Spinda,normal,none,360,60,60,60,60,60,60,3,false,Jolly,?,Sweet,Sweet,0.7
359,328,Trapinch,ground,none,290,45,100,45,45,45,10,3,false,Lonely,?,Spicy,Sour,0.8
360,329,Vibrava,ground,dragon,340,50,70,50,50,50,70,3,false,Bold,?,Bitter,Spicy,1.5
361,330,Flygon,ground,dragon,520,80,100,80,80,80,100,3,false,Brave,?,Spicy,Sweet,1.1
362,331,Cacnea,grass,none,335,50,85,40,85,40,35,?,false,Adamant,?,Spicy,Dry,0.4
363,332,Cacturne,grass,dark,475,70,115,60,115,60,55,3,false,Brave,?,Spicy,Sweet,0.5
364,333,Swablu,normal,flying,310,45,40,60,40,75,50,3,false,Rash,?,Dry,Bitter,0.4
365,334,Altaria,dragon,flying,490,75,70,90,70,105,80,3,false,Relaxed,?,Sour,Sweet,0.1
366,334,AltariaMega Altaria,dragon,fairy,590,75,110,110,110,105,80,3,false,Brave,?,Spicy,Sweet,0.5
367,335,Zangoose,normal,none,458,73,115,60,60,60,90,3,false,Adamant,?,Spicy,Dry,0.4
368,336,Seviper,poison,none,458,73,100,60,100,60,65,3,false,Lonely,?,Spicy,Sour,0.8
369,337,Lunatone,rock,psychic,440,70,55,65,95,85,70,3,false,Relaxed,?,Sour,Sweet,1.3
370,338,Solrock,rock,psychic,440,70,95,85,55,65,70,3,false,Lonely,?,Spicy,Sour,0.3
371,339,Barboach,water,ground,288,50,48,43,46,41,60,3,false,Rash,?,Dry,Bitter,0.2
372,340,Whiscash,water,ground,468,110,78,73,76,71,60,3,false,Brave,?,Spicy,Sweet,1.2
373,341,Corphish,water,none,308,43,80,65,50,35,35,3,false,Brave,?,Spicy,Sweet,0.5
374,342,Crawdaunt,water,dark,468,63,120,85,90,55,55,3,false,Naughty,?,Spicy,Bitter,1.4
375,343,Baltoy,ground,psychic,300,40,40,55,40,70,55,3,false,Modest,?,Dry,Spicy,0.9
376,344,Claydol,ground,psychic,500,60,70,105,70,120,75,3,false,Lax,?,Sour,Bitter,1.1
377,345,Lileep,rock,grass,355,66,41,77,61,87,23,3,false,Bold,?,Sour,Spicy,1
378,346,Cradily,rock,grass,495,86,81,97,81,107,43,3,false,Naughty,?,Spicy,Bitter,1.1
379,347,Anorith,rock,bug,355,45,95,50,40,50,75,3,false,Adamant,?,Spicy,Dry,0.8
380,348,Armaldo,rock,bug,495,75,125,100,70,80,45,3,false,Brave,?,Spicy,Sweet,1.3
381,349,Feebas,water,none,200,20,15,20,10,55,80,3,false,Gentle,?,Sour,Sour,1.3
382,350,Milotic,water,none,540,95,60,79,100,125,81,3,false,Bold,?,Sour,Spicy,0.1
383,351,Castform,normal,none,420,70,70,70,70,70,70,3,false,Bold,?,Sour,Spicy,0.9
384,352,Kecleon,normal,none,440,60,90,70,60,120,40,3,false,Lonely,?,Spicy,Sour,0.8
385,353,Shuppet,ghost,none,295,44,75,35,63,33,45,3,false,Lonely,?,Spicy,Sour,1.5
386,354,Banette,ghost,none,455,64,115,65,83,63,65,3,false,Brave,?,Spicy,Sweet,1.3
387,354,BanetteMega Banette,ghost,none,555,64,165,75,93,83,75,3,false,Naughty,?,Spicy,Bitter,0.3
388,355,Duskull,ghost,none,295,20,40,90,30,90,25,3,false,Bold,?,Sour,Spicy,0.6
389,356,Dusclops,ghost,none,455,40,70,130,60,130,25,3,false,Bold,?,Sour,Spicy,0.4
390,357,Tropius,grass,flying,460,99,68,83,72,87,51,3,false,Relaxed,?,Sour,Sweet,0.7
391,358,Chimecho,psychic,none,425,65,50,70,95,80,65,3,false,Lax,?,Sour,Bitter,0.4
392,359,Absol,dark,none,465,65,130,60,75,60,75,3,false,Naughty,?,Spicy,Bitter,0.8
393,359,AbsolMega Absol,dark,none,565,65,150,60,115,60,115,3,false,Brave,?,Spicy,Sweet,0.7
394,360,Wynaut,psychic,none,260,95,23,48,23,48,23,3,false,Rash,?,Bitter,Bitter,0.4
395,999,Walnut,none,none,0,?,?,?,?,?,?,?,unknown,BRAVE,?,?,?,0.5
396,361,Snorunt,ice,none,300,50,50,50,50,50,50,3,false,Modest,?,Sweet,Spicy,1.3
397,362,Glalie,ice,none,480,80,80,80,80,80,80,3,false,Lonely,?,Spicy,Sour,1.4
398,362,GlalieMega Glalie,ice,none,580,80,120,80,120,80,100,3,false,Naughty,?,Spicy,Bitter,1.5
399,363,Spheal,ice,water,290,70,40,50,55,50,25,3,false,Gentle,?,Dry,Sour,1.4
400,364,Sealeo,ice,water,410,90,60,70,75,70,45,3,false,Lax,?,Sour,Bitter,0.3
401,365,Walrein,ice,water,530,110,80,90,95,90,65,3,false,Brave,?,Spicy,Sweet,0.3
402,366,Clamperl,water,none,345,35,64,85,74,55,32,3,false,Impish,?,Sour,Dry,0.4
403,367,Huntail,water,none,485,55,104,105,94,75,52,3,false,Lonely,?,Spicy,Sour,0.8
404,368,Gorebyss,water,none,485,55,84,105,114,75,52,3,false,Adamant,?,Spicy,Dry,0.2
405,369,Relicanth,water,rock,485,100,90,130,45,65,55,3,false,Brave,?,Spicy,Sweet,0.4
406,370,Luvdisc,water,none,330,43,30,55,40,65,97,3,false,Quiet,?,Dry,Sweet,0.5
407,371,Bagon,dragon,none,300,45,75,60,40,30,50,3,false,Adamant,?,Spicy,Dry,1.1
408,372,Shelgon,dragon,none,420,65,95,100,60,50,50,3,false,Lonely,?,Spicy,Sour,0.2
409,373,Salamence,dragon,flying,600,95,135,80,110,80,100,3,false,Brave,?,Spicy,Sweet,0.8
410,373,SalamenceMega Salamence,dragon,flying,700,95,145,130,120,90,120,3,false,Brave,?,Spicy,Sweet,0.3
411,374,Beldum,steel,psychic,300,40,55,80,35,60,30,3,false,Bold,?,Sour,Spicy,1.2
412,375,Metang,steel,psychic,420,60,75,100,55,80,50,3,false,Brave,?,Spicy,Sweet,1.2
413,376,Metagross,steel,psychic,600,80,135,130,95,90,70,3,false,Naughty,?,Spicy,Bitter,1.2
414,376,MetagrossMega Metagross,steel,psychic,700,80,145,150,105,110,110,3,false,Lonely,?,Spicy,Sour,0.5
415,377,Regirock,rock,none,580,80,100,200,50,100,50,3,true,Adamant,?,Spicy,Dry,1.4
416,378,Regice,ice,none,580,80,50,100,100,200,50,3,true,Relaxed,?,Sour,Sweet,0.4
417,379,Registeel,steel,none,580,80,75,150,75,150,50,3,true,Lonely,?,Spicy,Sour,0.1
418,380,Latias,dragon,psychic,600,80,80,90,110,130,110,3,true,Naughty,?,Spicy,Bitter,0.7
419,380,LatiasMega Latias,dragon,psychic,700,80,100,120,140,150,110,3,true,Brave,?,Spicy,Sweet,1.3
420,381,Latios,dragon,psychic,600,80,90,80,130,110,110,3,true,Lonely,?,Spicy,Sour,0.5
421,381,LatiosMega Latios,dragon,psychic,700,80,130,100,160,120,110,3,true,Naughty,?,Spicy,Bitter,1.1
422,382,Kyogre,water,none,670,100,100,90,150,140,90,3,true,Lonely,?,Spicy,Sour,0.9
423,382,KyogrePrimal Kyogre,water,none,770,100,150,90,180,160,90,3,true,Adamant,?,Spicy,Dry,0.8
424,383,Groudon,ground,none,670,100,150,140,100,90,90,3,true,Brave,?,Spicy,Sweet,0.2
425,383,GroudonPrimal Groudon,ground,fire,770,100,180,160,150,90,90,3,true,Adamant,?,Spicy,Dry,0.7
426,384,Rayquaza,dragon,flying,680,105,150,90,150,90,95,3,true,Brave,?,Spicy,Sweet,0.5
427,384,RayquazaMega Rayquaza,dragon,flying,780,105,180,100,180,100,115,3,true,Brave,?,Spicy,Sweet,0.6
428,385,Jirachi,steel,psychic,600,100,100,100,100,100,100,3,true,Adamant,?,Spicy,Dry,0.5
429,386,DeoxysNormal Forme,psychic,none,600,50,150,50,150,50,150,3,true,Adamant,?,Spicy,Dry,1.2
430,386,DeoxysAttack Forme,psychic,none,600,50,180,20,180,20,150,3,true,Naughty,?,Spicy,Bitter,1.4
431,386,DeoxysDefense Forme,psychic,none,600,50,70,160,70,160,90,3,true,Bold,?,Sour,Spicy,0.9
432,386,DeoxysSpeed Forme,psychic,none,600,50,95,90,95,90,180,3,true,Lonely,?,Spicy,Sour,1
433,387,Turtwig,grass,none,318,55,68,64,45,55,31,4,false,Bold,?,Bitter,Spicy,1.1
434,388,Grotle,grass,none,405,75,89,85,55,65,36,4,false,Brave,?,Spicy,Sweet,0.4
435,389,Torterra,grass,ground,525,95,109,105,75,85,56,4,false,Brave,?,Spicy,Sweet,1.5
436,390,Chimchar,fire,none,309,44,58,44,58,44,61,4,false,Naughty,?,Sweet,Bitter,1.2
437,391,Monferno,fire,fighting,405,64,78,52,78,52,81,4,false,Lonely,?,Spicy,Sour,1.2
438,392,Infernape,fire,fighting,534,76,104,71,104,71,108,4,false,Lonely,?,Spicy,Sour,1
439,393,Piplup,water,none,314,53,51,53,61,56,40,4,false,Jolly,?,Sweet,Sweet,0.3
440,394,Prinplup,water,none,405,64,66,68,81,76,50,4,false,Bold,?,Sour,Spicy,1.1
441,395,Empoleon,water,steel,530,84,86,88,111,101,60,4,false,Adamant,?,Spicy,Dry,0.8
442,396,Starly,normal,flying,245,40,55,30,30,30,60,4,false,Naive,?,Sour,Dry,1.4
443,397,Staravia,normal,flying,340,55,75,50,40,40,80,4,false,Lonely,?,Spicy,Sour,0.6
444,398,Staraptor,normal,flying,485,85,120,70,50,60,100,4,false,Brave,GREEN,Spicy,Sweet,1
445,399,Bidoof,normal,none,250,59,45,40,35,40,31,4,false,Lax,GREEN,Sweet,Bitter,0.2
446,400,Bibarel,normal,water,410,79,85,60,55,60,71,4,false,Brave,?,Spicy,Sweet,0.8
447,401,Kricketot,bug,none,194,37,25,41,25,41,25,4,false,Lax,?,Sweet,Bitter,0.1
448,402,Kricketune,bug,none,384,77,85,51,55,51,65,4,false,Lonely,?,spicey,Sour,1.1
449,403,Shinx,electric,none,263,45,65,34,40,34,45,4,false,Adamant,?,Sour,Dry,1.5
450,404,Luxio,electric,none,363,60,85,49,60,49,60,4,false,Lonely,?,Spicy,Sour,0.8
451,405,Luxray,electric,none,523,80,120,79,95,79,70,4,false,Adamant,?,Spicy,Dry,0.5
452,406,Budew,grass,poison,280,40,30,35,50,70,55,4,false,Quiet,?,Dry,Sweet,0.4
453,407,Roserade,grass,poison,515,60,70,65,125,105,90,4,false,Lax,?,Sour,Bitter,1.3
454,408,Cranidos,rock,none,350,67,125,40,30,30,58,4,false,Brave,?,Spicy,Sweet,1.2
455,409,Rampardos,rock,none,495,97,165,60,65,50,58,4,false,Adamant,?,Spicy,Dry,0
456,410,Shieldon,rock,steel,350,30,42,118,42,88,30,4,false,Lax,?,Sour,Bitter,0.9
457,411,Bastiodon,rock,steel,495,60,52,168,47,138,30,4,false,Relaxed,?,Sour,Sweet,0.3
458,412,Burmy,bug,none,224,40,29,45,29,45,36,4,false,Gentle,?,Bitter,Sour,0.2
459,413,WormadamPlant Cloak,bug,grass,424,60,59,85,79,105,36,4,false,Impish,?,Sour,Dry,0.9
460,413,WormadamSandy Cloak,bug,ground,424,60,79,105,59,85,36,4,false,Naughty,?,Spicy,Bitter,0.3
461,413,WormadamTrash Cloak,bug,steel,424,60,69,95,69,95,36,4,false,Relaxed,?,Sour,Sweet,0.7
462,414,Mothim,bug,flying,424,70,94,50,94,50,66,4,false,Lonely,?,Spicy,Sour,1.4
463,415,Combee,bug,flying,244,30,30,42,30,42,70,4,false,Sassy,?,Sweet,Sweet,1.1
464,416,Vespiquen,bug,flying,474,70,80,102,80,102,40,4,false,Adamant,?,Spicy,Dry,0.6
465,417,Pachirisu,electric,none,405,60,45,70,45,90,95,4,false,Relaxed,?,Sour,Sweet,1
466,418,Buizel,water,none,330,55,65,35,60,30,85,4,false,Timid,?,Sweet,Spicy,1.4
467,419,Floatzel,water,none,495,85,105,55,85,50,115,4,false,Brave,?,Spicy,Sweet,0.9
468,420,Cherubi,grass,none,275,45,35,45,62,53,35,4,false,Hasty,?,Sweet,Sour,1
469,421,Cherrim,grass,none,450,70,60,70,87,78,85,4,false,Lax,?,Sour,Bitter,0.1
470,422,Shellos,water,none,325,76,48,48,57,62,34,4,false,Lonely,?,Bitter,Sour,1.4
471,423,Gastrodon,water,ground,475,111,83,68,92,82,39,4,false,Lonely,?,Spicy,Sour,0.9
472,424,Ambipom,normal,none,482,75,100,66,60,66,115,4,false,Naughty,?,Spicy,Bitter,0.8
473,425,Drifloon,ghost,flying,348,90,50,34,60,44,70,4,false,Naive,?,Sweet,Dry,0.6
474,426,Drifblim,ghost,flying,498,150,80,44,90,54,80,4,false,Brave,?,Spicy,Sweet,0.3
475,427,Buneary,normal,none,350,55,66,44,44,56,85,4,false,Brave,?,Bitter,Sweet,0.9
476,428,Lopunny,normal,none,480,65,76,84,54,96,105,4,false,Brave,?,Spicy,Sweet,1.2
477,428,LopunnyMega Lopunny,normal,fighting,580,65,136,94,54,96,135,4,false,Naughty,?,Spicy,Bitter,0.9
478,429,Mismagius,ghost,none,495,60,60,60,105,105,105,4,false,Timid,?,Sweet,Spicy,0.7
479,430,Honchkrow,dark,flying,505,100,125,52,105,52,71,4,false,Lonely,?,Spicy,Sour,1.4
480,431,Glameow,normal,none,310,49,55,42,42,37,85,4,false,Jolly,?,Sour,Sweet,0.4
481,432,Purugly,normal,none,452,71,82,64,64,59,112,4,false,Adamant,?,Spicy,Dry,1.3
482,433,Chingling,psychic,none,285,45,30,50,65,50,45,4,false,Jolly,?,Sweet,Sweet,1.1
483,434,Stunky,poison,dark,329,63,63,47,41,41,74,4,false,Adamant,?,Bitter,Dry,0.4
484,435,Skuntank,poison,dark,479,103,93,67,71,61,84,4,false,Adamant,?,Spicy,Dry,0.9
485,436,Bronzor,steel,psychic,300,57,24,86,24,86,23,4,false,Bold,?,Sour,Spicy,1.4
486,437,Bronzong,steel,psychic,500,67,89,116,79,116,33,4,false,Lonely,?,Spicy,Sour,1.1
487,438,Bonsly,rock,none,290,50,80,95,10,45,10,4,false,Adamant,?,Spicy,Dry,0.7
488,439,Mime Jr.,psychic,fairy,310,20,25,45,70,90,60,4,false,Jolly,?,Sweet,Sweet,0.8
489,440,Happiny,normal,none,220,100,5,5,15,65,30,4,false,Modest,?,Dry,Spicy,0.3
490,441,Chatot,normal,flying,411,76,65,45,92,42,91,4,false,Hasty,?,Sweet,Sour,1.5
491,442,Spiritomb,ghost,dark,485,50,92,108,92,108,35,4,false,Adamant,?,Spicy,Dry,1.3
492,443,Gible,dragon,ground,300,58,70,45,40,45,42,4,false,Quiet,?,bitter,Sweet,1.2
493,444,Gabite,dragon,ground,410,68,90,65,50,55,82,4,false,Adamant,?,Spicy,Dry,0.5
494,445,Garchomp,dragon,ground,600,108,130,95,80,85,102,4,false,Naughty,?,Spicy,Bitter,0.6
495,445,GarchompMega Garchomp,dragon,ground,700,108,170,115,120,95,92,4,false,Adamant,?,Spicy,Dry,0.9
496,446,Munchlax,normal,none,390,135,85,40,40,85,5,4,false,Brave,?,Spicy,Sweet,0.1
497,447,Riolu,fighting,none,285,40,70,40,35,40,60,4,false,Modest,?,Sour,Spicy,1.1
498,448,Lucario,fighting,steel,525,70,110,70,115,70,90,4,false,Lonely,?,Spicy,Sour,1.2
499,448,LucarioMega Lucario,fighting,steel,625,70,145,88,140,70,112,4,false,Lonely,?,Spicy,Sour,0.6
500,449,Hippopotas,ground,none,330,68,72,78,38,42,32,4,false,Naughty,?,Spicy,Bitter,0.5
501,450,Hippowdon,ground,none,525,108,112,118,68,72,47,4,false,Brave,?,Spicy,Sweet,0.9
502,451,Skorupi,poison,bug,330,40,50,90,30,55,65,4,false,Bold,?,Sour,Spicy,0.5
503,452,Drapion,poison,dark,500,70,90,110,60,75,95,4,false,Brave,?,Spicy,Sweet,1.1
504,453,Croagunk,poison,fighting,300,48,61,40,61,40,50,4,false,Hasty,?,Sweet,Sour,0.2
505,454,Toxicroak,poison,fighting,490,83,106,65,86,65,85,4,false,Naughty,?,Spicy,Bitter,1
506,455,Carnivine,grass,none,454,74,100,72,90,72,46,4,false,Brave,?,Spicy,Sweet,0.8
507,456,Finneon,water,none,330,49,49,56,49,61,66,4,false,Relaxed,?,Sour,Sweet,0.2
508,457,Lumineon,water,none,460,69,69,76,69,86,91,4,false,Bold,?,Sour,Spicy,1.4
509,458,Mantyke,water,flying,345,45,20,50,60,120,50,4,false,Naive,?,Sweet,Dry,0.1
510,459,Snover,grass,ice,334,60,62,50,62,60,40,4,false,Timid,?,Sweet,Spicy,0.4
511,460,Abomasnow,grass,ice,494,90,92,75,92,85,60,4,false,Adamant,?,Spicy,Dry,0.4
512,460,AbomasnowMega Abomasnow,grass,ice,594,90,132,105,132,105,30,4,false,Adamant,?,Spicy,Dry,1
513,461,Weavile,dark,ice,510,70,120,65,45,85,125,4,false,Lonely,?,Spicy,Sour,0.8
514,462,Magnezone,electric,steel,535,70,70,115,130,90,60,4,false,Bold,?,Sour,Spicy,0.9
515,463,Lickilicky,normal,none,515,110,85,95,80,95,50,4,false,Adamant,?,Spicy,Dry,0.7
516,464,Rhyperior,ground,rock,535,115,140,130,55,55,40,4,false,Lonely,?,Spicy,Sour,1.4
517,465,Tangrowth,grass,none,535,100,100,125,110,50,50,4,false,Lonely,?,Spicy,Sour,0.1
518,466,Electivire,electric,none,540,75,123,67,95,85,95,4,false,Brave,?,Spicy,Sweet,0.2
519,467,Magmortar,fire,none,540,75,95,67,125,95,83,4,false,Adamant,?,Spicy,Dry,0.8
520,468,Togekiss,fairy,flying,545,85,50,95,120,115,80,4,false,Impish,?,Sour,Dry,0.2
521,469,Yanmega,bug,flying,515,86,76,86,116,56,95,4,false,Adamant,?,Spicy,Dry,0.6
522,470,Leafeon,grass,none,525,65,110,130,60,65,95,4,false,?,?,?,?,0.9
523,471,Glaceon,ice,none,525,65,60,110,130,95,65,4,false,Lax,?,Sour,Bitter,0.6
524,472,Gliscor,ground,flying,510,75,95,125,45,75,95,4,false,Adamant,?,Spicy,Dry,1.3
525,473,Mamoswine,ice,ground,530,110,130,80,70,60,80,4,false,Lonely,?,Spicy,Sour,1.2
526,474,Porygon-Z,normal,none,535,85,80,70,135,75,90,4,false,Adamant,?,Spicy,Dry,0.2
527,475,Gallade,psychic,fighting,518,68,125,65,65,115,80,4,false,Lonely,?,Spicy,Sour,0
528,475,GalladeMega Gallade,psychic,fighting,618,68,165,95,65,115,110,4,false,Lonely,?,Spicy,Sour,0.7
529,476,Probopass,rock,steel,525,60,55,145,75,150,40,4,false,Impish,?,Sour,Dry,0.2
530,477,Dusknoir,ghost,none,525,45,100,135,65,135,45,4,false,Brave,?,Spicy,Sweet,0.5
531,478,Froslass,ice,ghost,480,70,80,70,80,70,110,4,false,Naughty,?,Spicy,Bitter,1
532,479,Rotom,electric,ghost,440,50,50,77,95,77,91,4,false,Relaxed,?,Sour,Sweet,1.4
533,479,RotomHeat Rotom,electric,fire,520,50,65,107,105,107,86,4,false,Bold,?,Sour,Spicy,1.2
534,479,RotomWash Rotom,electric,water,520,50,65,107,105,107,86,4,false,Bold,?,Sour,Spicy,0.7
535,479,RotomFrost Rotom,electric,ice,520,50,65,107,105,107,86,4,false,Bold,?,Sour,Spicy,0.2
536,479,RotomFan Rotom,electric,flying,520,50,65,107,105,107,86,4,false,Lax,?,Sour,Bitter,0.5
537,479,RotomMow Rotom,electric,grass,520,50,65,107,105,107,86,4,false,Relaxed,?,Sour,Sweet,1
538,480,Uxie,psychic,none,580,75,75,130,75,130,95,4,true,Naughty,?,Spicy,Bitter,1.5
539,481,Mesprit,psychic,none,580,80,105,105,105,105,80,4,true,Adamant,?,Spicy,Dry,0.9
540,482,Azelf,psychic,none,580,75,125,70,125,70,115,4,true,Naughty,?,Spicy,Bitter,0.6
541,483,Dialga,steel,dragon,680,100,120,120,150,100,90,4,true,Naughty,?,Spicy,Bitter,0.9
542,484,Palkia,water,dragon,680,90,120,100,150,120,100,4,true,Naughty,?,Spicy,Bitter,0.9
543,485,Heatran,fire,steel,600,91,90,106,130,106,77,4,true,Naughty,?,Spicy,Bitter,1
544,486,Regigigas,normal,none,670,110,160,110,80,110,100,4,true,Naughty,?,Spicy,Bitter,0.8
545,487,GiratinaAltered Forme,ghost,dragon,680,150,100,120,100,120,90,4,true,Adamant,?,Spicy,Dry,0
546,487,GiratinaOrigin Forme,ghost,dragon,680,150,120,100,120,100,90,4,true,Naughty,?,Spicy,Bitter,0.8
547,488,Cresselia,psychic,none,600,120,70,120,75,130,85,4,false,Relaxed,?,Sour,Sweet,0.2
548,489,Phione,water,none,480,80,80,80,80,80,80,4,false,Lonely,?,Spicy,Sour,0.2
549,490,Manaphy,water,none,600,100,100,100,100,100,100,4,false,Adamant,?,Spicy,Dry,0.2
550,491,Darkrai,dark,none,600,70,90,90,135,90,125,4,true,Naughty,?,Spicy,Bitter,1.4
551,492,ShayminLand Forme,grass,none,600,100,100,100,100,100,100,4,true,Naughty,?,Spicy,Bitter,1.5
552,492,ShayminSky Forme,grass,flying,600,100,103,75,120,75,127,4,true,Naughty,?,Spicy,Bitter,0.1
553,493,Arceus,normal,none,720,120,120,120,120,120,120,4,true,Lonely,?,Spicy,Sour,0.6
554,494,Victini,psychic,fire,600,100,100,100,100,100,100,5,true,Naughty,?,Spicy,Bitter,0.8
555,495,Snivy,grass,none,308,45,45,55,45,55,63,5,false,Brave,?,Sour,Sweet,0.2
556,496,Servine,grass,none,413,60,60,75,60,75,83,5,false,Bold,?,Sour,Spicy,0.6
557,497,Serperior,grass,none,528,75,75,95,75,95,113,5,false,Lonely,?,Spicy,Sour,0.4
558,498,Tepig,fire,none,308,65,63,45,45,45,45,5,false,Impish,?,Sour,Dry,0.1
559,499,Pignite,fire,fighting,418,90,93,55,70,55,55,5,false,Lonely,?,Spicy,Sour,0.5
560,500,Emboar,fire,fighting,528,110,123,65,100,65,65,5,false,Adamant,?,Spicy,Dry,1
561,501,Oshawott,water,none,308,55,55,45,63,45,45,5,false,Jolly,?,Sweet,Sweet,1.5
562,502,Dewott,water,none,413,75,75,60,83,60,60,5,false,Naughty,?,Spicy,Bitter,0.2
563,503,Samurott,water,none,528,95,100,85,108,70,70,5,false,Lonely,?,Spicy,Sour,1.3
564,504,Patrat,normal,none,255,45,55,39,35,39,42,5,false,Modest,?,Sweet,spicey,0.2
565,505,Watchog,normal,none,420,60,85,69,60,69,77,5,false,Lonely,?,Spicy,Sour,0.6
566,506,Lillipup,normal,none,275,45,60,45,25,45,55,5,false,Brave,?,Sour,Sweet,0.3
567,507,Herdier,normal,none,370,65,80,65,35,65,60,5,false,Brave,?,Spicy,Sweet,1.3
568,508,Stoutland,normal,none,500,85,110,90,45,90,80,5,false,Naughty,?,Spicy,Bitter,1.4
569,509,Purrloin,dark,none,281,41,50,37,50,37,66,5,false,Bold,?,Bitter,Spicy,1
570,510,Liepard,dark,none,446,64,88,50,88,50,106,5,false,Adamant,?,Spicy,Dry,0
571,511,Pansage,grass,none,316,50,53,48,53,48,64,5,false,Lax,?,Sweet,Bitter,0.1
572,512,Simisage,grass,none,498,75,98,63,98,63,101,5,false,Lonely,?,Spicy,Sour,1.5
573,513,Pansear,fire,none,316,50,53,48,53,48,64,5,false,Timid,?,Sour,Spicy,1.1
574,514,Simisear,fire,none,498,75,98,63,98,63,101,5,false,Adamant,?,Spicy,Dry,1.3
575,515,Panpour,water,none,316,50,53,48,53,48,64,5,false,Timid,?,Sour,Spicy,1.3
576,516,Simipour,water,none,498,75,98,63,98,63,101,5,false,Adamant,?,Spicy,Dry,1.4
577,517,Munna,psychic,none,292,76,25,45,67,55,24,5,false,Timid,?,Sweet,Spicy,0.3
578,518,Musharna,psychic,none,487,116,55,85,107,95,29,5,false,Relaxed,?,Sour,Sweet,1.3
579,519,Pidove,normal,flying,264,50,55,50,36,30,43,5,false,Adamant,?,Sweet,Dry,1.2
580,520,Tranquill,normal,flying,358,62,77,62,50,42,65,5,false,Brave,?,Spicy,Sweet,0.4
581,521,Unfezant,normal,flying,488,80,115,80,65,55,93,5,false,Adamant,?,Spicy,Dry,1.2
582,522,Blitzle,electric,none,295,45,60,32,50,32,76,5,false,Modest,?,Sour,Spicy,1.2
583,523,Zebstrika,electric,none,497,75,100,63,80,63,116,5,false,Lonely,?,Spicy,Sour,0.8
584,524,Roggenrola,rock,none,280,55,75,85,25,25,15,5,false,Naughty,?,Spicy,Bitter,0.8
585,525,Boldore,rock,none,390,70,105,105,50,40,20,5,false,Naughty,?,Spicy,Bitter,0.6
586,526,Gigalith,rock,none,515,85,135,130,60,80,25,5,false,Naughty,?,Spicy,Bitter,1
587,527,Woobat,psychic,flying,313,55,45,43,55,43,72,5,false,Modest,?,Sour,Spicy,0.4
588,528,Swoobat,psychic,flying,425,67,57,55,77,55,114,5,false,Jolly,?,Sweet,Sweet,0.3
589,529,Drilbur,ground,none,328,60,85,40,30,45,68,5,false,Brave,?,Spicy,Sweet,0.6
590,530,Excadrill,ground,steel,508,110,135,60,50,65,88,5,false,Naughty,?,Spicy,Bitter,1
591,531,Audino,normal,none,445,103,60,86,60,86,50,5,false,Relaxed,?,Sour,Sweet,0.4
592,531,AudinoMega Audino,normal,fairy,545,103,60,126,80,126,50,5,false,Bold,?,Sour,Spicy,1.3
593,532,Timburr,fighting,none,305,75,80,55,25,35,35,5,false,Naughty,?,Spicy,Bitter,0.2
594,533,Gurdurr,fighting,none,405,85,105,85,40,50,40,5,false,Lonely,?,Spicy,Sour,0
595,534,Conkeldurr,fighting,none,505,105,140,95,55,65,45,5,false,Brave,?,Spicy,Sweet,0.7
596,535,Tympole,water,none,294,50,50,40,50,40,64,5,false,Relaxed,?,Dry,Sweet,1.2
597,536,Palpitoad,water,ground,384,75,65,55,65,55,69,5,false,Jolly,?,Sweet,Sweet,0.6
598,537,Seismitoad,water,ground,509,105,95,75,85,75,74,5,false,Adamant,?,Spicy,Dry,0.5
599,538,Throh,fighting,none,465,120,100,85,30,85,45,5,false,Naughty,?,Spicy,Bitter,1.3
600,539,Sawk,fighting,none,465,75,125,75,30,75,85,5,false,Brave,?,Spicy,Sweet,0.8
601,540,Sewaddle,bug,grass,310,45,53,70,40,60,42,5,false,Lax,?,Sour,Bitter,0.9
602,541,Swadloon,bug,grass,380,55,63,90,50,80,42,5,false,Bold,?,Sour,Spicy,0.5
603,542,Leavanny,bug,grass,500,75,103,80,70,80,92,5,false,Naughty,?,Spicy,Bitter,0.5
604,543,Venipede,bug,poison,260,30,45,59,30,39,57,5,false,Timid,?,Sour,Spicy,1.4
605,544,Whirlipede,bug,poison,360,40,55,99,40,79,47,5,false,Impish,?,Sour,Dry,0.9
606,545,Scolipede,bug,poison,485,60,100,89,55,69,112,5,false,Lonely,?,Spicy,Sour,0.4
607,546,Cottonee,grass,fairy,280,40,27,60,37,50,66,5,false,Brave,?,Sour,Sweet,0.5
608,547,Whimsicott,grass,fairy,480,60,67,85,77,75,116,5,false,Impish,?,Sour,Dry,1
609,548,Petilil,grass,none,280,45,35,50,70,50,30,5,false,Timid,?,Sweet,Spicy,1.3
610,549,Lilligant,grass,none,480,70,60,75,110,75,90,5,false,Bold,?,Sour,Spicy,0.4
611,550,Basculin,water,none,460,70,92,65,80,55,98,5,false,Adamant,?,Spicy,Dry,0.5
612,551,Sandile,ground,dark,292,50,72,35,35,35,65,5,false,Brave,?,Spicy,Sweet,1.1
613,552,Krokorok,ground,dark,351,60,82,45,45,45,74,5,false,Lonely,?,Spicy,Sour,0.9
614,553,Krookodile,ground,dark,519,95,117,80,65,70,92,5,false,Adamant,?,Spicy,Dry,0.7
615,554,Darumaka,fire,none,315,70,90,45,15,45,50,5,false,Brave,?,Spicy,Sweet,0.5
616,555,DarmanitanStandard Mode,fire,none,480,105,140,55,30,55,95,5,false,Brave,?,Spicy,Sweet,1.1
617,555,DarmanitanZen Mode,fire,psychic,540,105,30,105,140,105,55,5,false,Lax,?,Sour,Bitter,0.8
618,556,Maractus,grass,none,461,75,86,67,106,67,60,5,false,Brave,?,Spicy,Sweet,1.4
619,557,Dwebble,bug,rock,325,50,65,85,35,35,55,5,false,Relaxed,?,Sour,Sweet,1
620,558,Crustle,bug,rock,475,70,95,125,65,75,45,5,false,Adamant,?,Spicy,Dry,0.1
621,559,Scraggy,dark,fighting,348,50,75,70,35,70,48,5,false,Brave,?,Spicy,Sweet,1.4
622,560,Scrafty,dark,fighting,488,65,90,115,45,115,58,5,false,Adamant,?,Spicy,Dry,1.5
623,561,Sigilyph,psychic,flying,490,72,58,80,103,80,97,5,false,Bold,?,Sour,Spicy,1.4
624,562,Yamask,ghost,none,303,38,30,85,55,65,30,5,false,Lax,?,Sour,Bitter,1.2
625,563,Cofagrigus,ghost,none,483,58,50,145,95,105,30,5,false,Impish,?,Sour,Dry,0.2
626,564,Tirtouga,water,rock,355,54,78,103,53,45,22,5,false,Brave,?,Spicy,Sweet,1
627,565,Carracosta,water,rock,495,74,108,133,83,65,32,5,false,Adamant,?,Spicy,Dry,0.4
628,566,Archen,rock,flying,401,55,112,45,74,45,70,5,false,Lonely,?,Spicy,Sour,0.6
629,567,Archeops,rock,flying,567,75,140,65,112,65,110,5,false,Naughty,?,Spicy,Bitter,0
630,568,Trubbish,poison,none,329,50,50,62,40,62,65,5,false,Sassy,?,Bitter,Sweet,0.9
631,569,Garbodor,poison,none,474,80,95,82,60,82,75,5,false,Naughty,?,Spicy,Bitter,0
632,570,Zorua,dark,none,330,40,65,40,80,40,65,5,false,Hasty,?,Sweet,Sour,0.3
633,571,Zoroark,dark,none,510,60,105,60,120,60,105,5,false,Naughty,?,Spicy,Bitter,0.9
634,572,Minccino,normal,none,300,55,50,40,40,40,75,5,false,Bold,?,Sour,Spicy,1.5
635,573,Cinccino,normal,none,470,75,95,60,65,60,115,5,false,Adamant,?,Spicy,Dry,1.5
636,574,Gothita,psychic,none,290,45,30,50,55,65,45,5,false,Rash,?,Dry,Bitter,0.7
637,575,Gothorita,psychic,none,390,60,45,70,75,85,55,5,false,Bold,?,Sour,Spicy,0.4
638,576,Gothitelle,psychic,none,490,70,55,95,95,110,65,5,false,Bold,?,Sour,Spicy,1.1
639,577,Solosis,psychic,none,290,45,30,40,105,50,20,5,false,Naive,?,Sweet,Dry,0.5
640,578,Duosion,psychic,none,370,65,40,50,125,60,30,5,false,Timid,?,Sweet,Spicy,1.4
641,579,Reuniclus,psychic,none,490,110,65,75,125,85,30,5,false,Relaxed,?,Sour,Sweet,0.1
642,580,Ducklett,water,flying,305,62,44,50,44,50,55,5,false,Sassy,?,Sweet,Sweet,0.3
643,581,Swanna,water,flying,473,75,87,63,87,63,98,5,false,Lonely,?,Spicy,Sour,0.3
644,582,Vanillite,ice,none,305,36,50,50,65,60,44,5,false,Hasty,?,Sweet,Sour,0.3
645,583,Vanillish,ice,none,395,51,65,65,80,75,59,5,false,Lax,?,Sour,Bitter,0.3
646,584,Vanilluxe,ice,none,535,71,95,85,110,95,79,5,false,Lonely,?,Spicy,Sour,0.6
647,585,Deerling,normal,grass,335,60,60,50,40,50,75,5,false,Sassy,?,Dry,Sweet,0.4
648,586,Sawsbuck,normal,grass,475,80,100,70,60,70,95,5,false,Adamant,?,Spicy,Dry,1.1
649,587,Emolga,electric,flying,428,55,75,60,75,60,103,5,false,Naughty,?,Spicy,Bitter,1.5
650,588,Karrablast,bug,none,315,50,75,45,40,45,60,5,false,Adamant,?,Spicy,Dry,1.3
651,589,Escavalier,bug,steel,495,70,135,105,60,105,20,5,false,Adamant,?,Spicy,Dry,0.5
652,590,Foongus,grass,poison,294,69,55,45,55,55,15,5,false,Lax,?,Dry,bitter,1.3
653,591,Amoonguss,grass,poison,464,114,85,70,85,80,30,5,false,Adamant,?,Spicy,Dry,0.9
654,592,Frillish,water,ghost,335,55,40,50,65,85,40,5,false,Timid,?,Sweet,Spicy,1.5
655,593,Jellicent,water,ghost,480,100,60,70,85,105,60,5,false,Lax,?,Sour,Bitter,1.1
656,594,Alomomola,water,none,470,165,75,80,40,45,65,5,false,Adamant,?,Spicy,Dry,1.1
657,595,Joltik,bug,electric,319,50,47,50,57,50,65,5,false,Relaxed,?,Dry,Sweet,0.6
658,596,Galvantula,bug,electric,472,70,77,60,97,60,108,5,false,Brave,?,Spicy,Sweet,0.7
659,597,Ferroseed,grass,steel,305,44,50,91,24,86,10,5,false,Impish,?,Sour,Dry,0.5
660,598,Ferrothorn,grass,steel,489,74,94,131,54,116,20,5,false,Lonely,?,Spicy,sour,0.3
661,599,Klink,steel,none,300,40,55,70,45,60,30,5,false,Relaxed,?,Sour,Sweet,0.6
662,600,Klang,steel,none,440,60,80,95,70,85,50,5,false,Naughty,?,Spicy,Bitter,0.3
663,601,Klinklang,steel,none,520,60,100,115,70,85,90,5,false,Lonely,?,Spicy,Sour,0.8
664,602,Tynamo,electric,none,275,35,55,40,45,40,60,5,false,Modest,?,Sweet,Spicy,0.7
665,603,Eelektrik,electric,none,405,65,85,70,75,70,40,5,false,Lonely,?,Spicy,Sour,1
666,604,Eelektross,electric,none,515,85,115,80,105,80,50,5,false,Lonely,?,Spicy,Sour,1.5
667,605,Elgyem,psychic,none,335,55,55,55,85,55,30,5,false,Hasty,?,Sweet,Sour,1.4
668,606,Beheeyem,psychic,none,485,75,75,75,125,95,40,5,false,Lonely,?,Spicy,Sour,0.1
669,607,Litwick,ghost,fire,275,50,30,55,65,55,20,5,false,Hasty,?,Sweet,Sour,1.2
670,608,Lampent,ghost,fire,370,60,40,60,95,60,55,5,false,Hasty,?,Sweet,Sour,0.6
671,609,Chandelure,ghost,fire,520,60,55,90,145,90,80,5,false,Bold,?,Sour,Spicy,0.6
672,610,Axew,dragon,none,320,46,87,60,30,40,57,5,false,Brave,?,Spicy,Sweet,1.1
673,611,Fraxure,dragon,none,410,66,117,70,40,50,67,5,false,Lonely,?,Spicy,Sour,0.2
674,612,Haxorus,dragon,none,540,76,147,90,60,70,97,5,false,Lonely,?,Spicy,Sour,0.6
675,613,Cubchoo,ice,none,305,55,70,40,60,40,40,5,false,Naive,?,Sweet,Dry,1.2
676,614,Beartic,ice,none,485,95,110,80,70,80,50,?,false,Lonely,?,Spicy,Sour,0
677,615,Cryogonal,ice,none,485,70,50,30,95,135,105,5,false,Timid,?,Sweet,Spicy,0.4
678,616,Shelmet,bug,none,305,50,40,85,40,65,25,5,false,Relaxed,?,Sour,Sweet,0.4
679,617,Accelgor,bug,none,495,80,70,40,100,60,145,5,false,Jolly,?,Sweet,Sweet,0.7
680,618,Stunfisk,ground,electric,471,109,66,84,81,99,32,5,false,Impish,?,Sour,Dry,1.5
681,619,Mienfoo,fighting,none,350,45,85,50,55,50,65,5,false,Lonely,?,Spicy,Sour,1.1
682,620,Mienshao,fighting,none,510,65,125,60,95,60,105,5,false,Adamant,?,Spicy,Dry,1.1
683,621,Druddigon,dragon,none,485,77,120,90,60,90,48,5,false,Brave,?,Spicy,Sweet,0.4
684,622,Golett,ground,ghost,303,59,74,50,35,50,35,5,false,Naughty,?,Spicy,Bitter,0.7
685,623,Golurk,ground,ghost,483,89,124,80,55,80,55,5,false,Lonely,?,Spicy,Sour,0.9
686,624,Pawniard,dark,steel,340,45,85,70,40,40,60,5,false,Lonely,?,Spicy,Sour,1.3
687,625,Bisharp,dark,steel,490,65,125,100,60,70,70,5,false,Lonely,?,Spicy,Sour,1.1
688,626,Bouffalant,normal,none,490,95,110,95,40,95,55,5,false,Naughty,?,Spicy,Bitter,1.2
689,627,Rufflet,normal,flying,350,70,83,50,37,50,60,5,false,Adamant,?,Spicy,Dry,0.3
690,628,Braviary,normal,flying,510,100,123,75,57,75,80,5,false,Naughty,?,Spicy,Bitter,1.1
691,629,Vullaby,dark,flying,370,70,55,75,45,65,60,5,false,Bold,?,Sour,Spicy,1
692,630,Mandibuzz,dark,flying,510,110,65,105,55,95,80,5,false,Impish,?,Sour,Dry,0.2
693,631,Heatmor,fire,none,484,85,97,66,105,66,65,5,false,Lonely,?,Spicy,Sour,1.2
694,632,Durant,bug,steel,484,58,109,112,48,48,109,5,false,Naughty,?,Spicy,Bitter,0.4
695,633,Deino,dark,dragon,300,52,65,50,45,50,38,5,false,Impish,?,Sweet,Dry,0.8
696,634,Zweilous,dark,dragon,420,72,85,70,65,70,58,5,false,Brave,?,Spicy,Sweet,0.4
697,635,Hydreigon,dark,dragon,600,92,105,90,125,90,98,5,false,Naughty,?,Spicy,Bitter,1.5
698,636,Larvesta,bug,fire,360,55,85,55,50,55,60,5,false,Adamant,?,Spicy,Dry,1.5
699,637,Volcarona,bug,fire,550,85,60,65,135,105,100,5,false,Lax,?,Sour,Bitter,1.3
700,638,Cobalion,steel,fighting,580,91,90,129,90,72,108,5,true,Adamant,?,Spicy,Dry,0.8
701,639,Terrakion,rock,fighting,580,91,129,90,72,90,108,5,true,Naughty,?,Spicy,Bitter,0.6
702,640,Virizion,grass,fighting,580,91,90,72,90,129,108,5,true,Adamant,?,Spicy,Dry,0.3
703,641,TornadusIncarnate Forme,flying,none,580,79,115,70,125,80,111,5,true,Naughty,?,Spicy,Bitter,0.5
704,641,TornadusTherian Forme,flying,none,580,79,100,80,110,90,121,5,true,Naughty,?,Spicy,Bitter,1.1
705,642,ThundurusIncarnate Forme,electric,flying,580,79,115,70,125,80,111,5,true,Brave,?,Spicy,Sweet,1.3
706,642,ThundurusTherian Forme,electric,flying,580,79,105,70,145,80,101,5,true,Brave,?,Spicy,Sweet,0.9
707,643,Reshiram,dragon,fire,680,100,120,100,150,120,90,5,true,Brave,?,Spicy,Sweet,0.7
708,644,Zekrom,dragon,electric,680,100,150,120,120,100,90,5,true,Naughty,balck,Spicy,Bitter,1.4
709,645,LandorusIncarnate Forme,ground,flying,600,89,125,90,115,80,101,5,true,Naughty,?,Spicy,Bitter,1.4
710,645,LandorusTherian Forme,ground,flying,600,89,145,90,105,80,91,5,true,Adamant,?,Spicy,Dry,0.8
711,646,Kyurem,dragon,ice,660,125,130,90,130,90,95,5,true,Lonely,?,Spicy,SOUR,1.2
712,646,KyuremBlack Kyurem,dragon,ice,700,125,170,100,120,90,95,5,true,Naughty,?,Spicy,Bitter,0.2
713,646,KyuremWhite Kyurem,dragon,ice,700,125,120,90,170,100,95,5,true,Naughty,?,Spicy,Bitter,0
714,647,KeldeoOrdinary Forme,water,fighting,580,91,72,90,129,90,108,5,false,Brave,?,Spicy,Sweet,0
715,647,KeldeoResolute Forme,none,none,253,91,72,?,?,90,?,?,unknown,?,?,?,?,?
716,647,KeldeoResolute Forme,water,fighting,580,91,72,90,129,90,108,5,false,Brave,?,Spicy,Sweet,0.3
717,648,MeloettaAria Forme,normal,psychic,600,100,77,77,128,128,90,5,false,Lonely,?,Spicy,Sour,0.1
718,648,MeloettaPirouette Forme,normal,fighting,600,100,128,90,77,77,128,5,false,Brave,?,Spicy,Sweet,0.7
719,649,Genesect,bug,steel,600,71,120,95,120,95,99,5,false,Naughty,?,Spicy,Bitter,0.7
720,650,Chespin,grass,none,313,56,61,65,48,45,38,6,false,Bold,?,Sour,Spicy,0.5
721,651,Quilladin,grass,none,405,61,78,95,56,58,57,6,false,Brave,?,Spicy,Sweet,0.9
722,652,Chesnaught,grass,fighting,530,88,107,122,74,75,64,6,false,Lonely,?,Spicy,Sour,0.2
723,653,Fennekin,fire,none,307,40,45,40,62,60,60,6,false,Hasty,?,Sweet,Sour,0.7
724,654,Braixen,fire,none,409,59,59,58,90,70,73,6,false,Naive,?,Sweet,Dry,0.5
725,655,Delphox,fire,psychic,534,75,69,72,114,100,104,6,false,Lax,?,Sour,Bitter,1.5
726,656,Froakie,water,none,314,41,56,40,62,44,71,6,false,Jolly,?,Sweet,Sweet,0.4
727,657,Frogadier,water,none,405,54,63,52,83,56,97,6,false,Naive,?,Sweet,Dry,1.2
728,658,Greninja,water,dark,530,72,95,67,103,71,122,6,false,Brave,?,Spicy,Sweet,1.3
729,659,Bunnelby,normal,none,237,38,36,38,32,36,57,6,false,Rash,?,Dry,Bitter,0.6
730,660,Diggersby,normal,ground,423,85,56,77,50,77,78,6,false,Bold,?,Sour,Spicy,1.5
731,661,Fletchling,normal,flying,278,45,50,43,40,38,62,6,false,Quiet,?,Sour,Sweet,0.7
732,662,Fletchinder,fire,flying,382,62,73,55,56,52,84,6,false,Brave,?,Spicy,Sweet,0.7
733,663,Talonflame,fire,flying,499,78,81,71,74,69,126,6,false,Lonely,?,Spicy,Sour,0.1
734,664,Scatterbug,bug,none,200,38,35,40,27,25,35,6,false,Gentle,?,Dry,Sour,0.7
735,665,Spewpa,bug,none,213,45,22,60,27,30,29,6,false,Hasty,?,Dry,Sour,1
736,666,Vivillon,bug,flying,411,80,52,50,90,50,89,6,false,Jolly,?,Sweet,Sweet,1.3
737,667,Litleo,fire,normal,369,62,50,58,73,54,72,6,false,Jolly,?,Sweet,Sweet,0.8
738,668,Pyroar,fire,normal,507,86,68,72,109,66,106,6,false,Impish,?,Sour,Dry,0.8
739,669,Flabébé,fairy,none,303,44,38,39,61,79,42,6,false,Naive,?,Sweet,Dry,0.2
740,670,Floette,fairy,none,371,54,45,47,75,98,52,6,false,Naive,?,Sweet,Dry,0.6
741,671,Florges,fairy,none,552,78,65,68,112,154,75,6,false,Relaxed,?,Sour,Sweet,0
742,672,Skiddo,grass,none,350,66,65,48,62,57,52,6,false,Timid,?,Sweet,Spicy,0.5
743,673,Gogoat,grass,none,531,123,100,62,97,81,68,6,false,Adamant,?,Spicy,Dry,1.4
744,674,Pancham,fighting,none,348,67,82,62,46,48,43,6,false,Lonely,?,Spicy,Sour,0.7
745,675,Pangoro,fighting,dark,495,95,124,78,69,71,58,6,false,Lonely,?,Spicy,Sour,0.9
746,676,Furfrou,normal,none,472,75,80,60,65,90,102,6,false,Lonely,?,Spicy,Sour,0
747,677,Espurr,psychic,none,355,62,48,54,63,60,68,6,false,Jolly,?,Sweet,Sweet,0.5
748,678,MeowsticMale,psychic,none,466,74,48,76,83,81,104,6,false,Bold,?,Sour,Spicy,0.7
749,678,MeowsticFemale,psychic,none,466,74,48,76,83,81,104,6,false,Bold,?,Sour,Spicy,0.5
750,679,Honedge,steel,ghost,325,45,80,100,35,37,28,6,false,Naughty,?,Spicy,Bitter,1
751,680,Doublade,steel,ghost,448,59,110,150,45,49,35,6,false,Adamant,?,Spicy,Dry,0.1
752,681,AegislashBlade Forme,steel,ghost,520,60,150,50,150,50,60,6,false,Lonely,?,Spicy,Sour,1.4
753,681,AegislashShield Forme,steel,ghost,520,60,50,150,50,150,60,6,false,Bold,?,Sour,Spicy,1.2
754,682,Spritzee,fairy,none,341,78,52,60,63,65,23,6,false,Naive,?,Sweet,Dry,0.9
755,683,Aromatisse,fairy,none,462,101,72,72,99,89,29,6,false,Adamant,?,Spicy,DRY,0.4
756,684,Swirlix,fairy,none,341,62,48,66,59,57,49,6,false,Bold,?,Sour,Spicy,0.9
757,685,Slurpuff,fairy,none,480,82,80,86,85,75,72,6,false,Naughty,?,Spicy,Bitter,0.4
758,686,Inkay,dark,psychic,288,53,54,53,37,46,45,6,false,Lonely,?,Bitter,Sour,0.4
759,687,Malamar,dark,psychic,482,86,92,88,68,75,73,6,false,Adamant,?,Spicy,Dry,1.5
760,688,Binacle,rock,water,306,42,52,67,39,56,50,6,false,Bold,?,Sour,Spicy,1.3
761,689,Barbaracle,rock,water,500,72,105,115,54,86,68,6,false,Lonely,?,Spicy,Sour,0.5
762,690,Skrelp,poison,water,320,50,60,60,60,60,30,6,false,Naive,?,Sweet,Dry,1
763,691,Dragalge,poison,dragon,494,65,75,90,97,123,44,6,false,Brave,?,Spicy,Sweet,1.4
764,692,Clauncher,water,none,330,50,53,62,58,63,44,6,false,Careful,?,Bitter,Dry,1
765,693,Clawitzer,water,none,500,71,73,88,120,89,59,6,false,Adamant,?,Spicy,Dry,0.4
766,694,Helioptile,electric,normal,289,44,38,33,61,43,70,6,false,Jolly,?,Sweet,Sweet,0.4
767,695,Heliolisk,electric,normal,481,62,55,52,109,94,109,6,false,Naive,?,Sweet,Dry,1.2
768,696,Tyrunt,rock,dragon,362,58,89,77,45,45,48,6,false,Naughty,?,Spicy,Bitter,0.7
769,697,Tyrantrum,rock,dragon,521,82,121,119,69,59,71,6,false,Naughty,?,Spicy,Bitter,0.9
770,698,Amaura,rock,ice,362,77,59,50,67,63,46,6,false,Naive,?,Sweet,Dry,0
771,699,Aurorus,rock,ice,521,123,77,72,99,92,58,6,false,Naughty,?,Spicy,Bitter,1.1
772,700,Sylveon,fairy,none,525,95,65,65,110,130,60,6,false,Bold,?,Sour,Spicy,1.3
773,701,Hawlucha,fighting,flying,500,78,92,75,74,63,118,6,false,Brave,?,Spicy,Sweet,1.2
774,702,Dedenne,electric,fairy,431,67,58,57,81,67,101,6,false,Jolly,?,Sweet,Sweet,1.3
775,703,Carbink,rock,fairy,500,50,50,150,50,150,50,6,false,Relaxed,?,Sour,Sweet,0.6
776,704,Goomy,dragon,none,300,45,50,35,55,75,40,6,false,Mild,?,Dry,Sour,0
777,705,Sliggoo,dragon,none,452,68,75,53,83,113,60,6,false,Lonely,?,Spicy,Sour,0.6
778,706,Goodra,dragon,none,600,90,100,70,110,150,80,6,false,Lonely,?,Spicy,Sour,1.2
779,707,Klefki,steel,fairy,470,57,80,91,80,87,75,6,false,Lonely,?,Spicy,Sour,0.3
780,708,Phantump,ghost,grass,309,43,70,48,50,60,38,6,false,Lonely,?,Sweet,Sour,1
781,709,Trevenant,ghost,grass,474,85,110,76,65,82,56,6,false,Naughty,?,Spicy,Bitter,0.9
782,710,PumpkabooAverage Size,ghost,grass,335,49,66,70,44,55,51,6,false,Relaxed,?,Sour,Sweet,1.1
783,710,PumpkabooSmall Size,ghost,grass,335,44,66,70,44,55,56,6,false,Bold,?,Sour,Spicy,0
784,710,PumpkabooLarge Size,ghost,grass,335,54,66,70,44,55,46,6,false,Lax,?,Sour,Bitter,1.4
785,710,PumpkabooSuper Size,ghost,grass,335,59,66,70,44,55,41,6,false,Impish,?,Sour,Dry,1.3
786,711,GourgeistAverage Size,ghost,grass,494,65,90,122,58,75,84,6,false,Brave,?,Spicy,SWEET,1.3
787,711,GourgeistSmall Size,ghost,grass,494,55,85,122,58,75,99,6,false,Naughty,?,Spicy,Bitter,0.6
788,711,GourgeistLarge Size,ghost,grass,494,75,95,122,58,75,69,6,false,Brave,?,Spicy,Sweet,1.1
789,711,GourgeistSuper Size,ghost,grass,494,85,100,122,58,75,54,6,false,Lonely,?,Spicy,Sour,0.1
790,712,Bergmite,ice,none,304,55,69,85,32,35,28,6,false,Lax,?,Sour,Bitter,0.7
791,713,Avalugg,ice,none,514,95,117,184,44,46,28,6,false,Naughty,?,Spicy,Bitter,0.1
792,714,Noibat,flying,dragon,245,40,30,35,45,40,55,6,false,Brave,?,Dry,Sweet,0.6
793,715,Noivern,flying,dragon,535,85,70,80,97,80,123,6,false,Lax,?,Sour,Bitter,0.3
794,716,Xerneas,fairy,none,680,126,131,95,131,98,99,6,true,Lonely,?,Spicy,Sour,1
795,717,Yveltal,dark,flying,680,126,131,95,131,98,99,6,true,Brave,?,Spicy,Sweet,1
796,718,Zygarde50% Forme,dragon,ground,600,108,100,121,81,95,95,6,true,Naughty,?,Spicy,Bitter,0.6
797,719,Diancie,rock,fairy,600,50,100,150,100,150,50,6,true,Lonely,?,Spicy,Sour,0.4
798,719,DiancieMega Diancie,rock,fairy,700,50,160,110,160,110,110,6,true,Naughty,?,Spicy,Bitter,0
799,720,HoopaHoopa Confined,psychic,ghost,600,80,110,60,150,130,70,6,true,Lonely,?,Spicy,Sour,1.3
800,720,HoopaHoopa Unbound,psychic,dark,680,80,160,60,170,130,80,?,true,Brave,?,Spicy,?,0.1
801,721,Volcanion,fire,water,600,80,110,120,130,90,70,6,true,Adamant,BLACK,Spicy,Dry,1.3
